Date,Temperature,Charge_Start,Charge_End,Daily_Cycles,Total_Cycles,SOH
2021-09-04,14.978233653112836,5,95,0.8810822452501132,0.8810822452501132,99.97713333817396
2021-09-05,19.404588657395383,5,95,0.7105240315921197,1.591606276842233,99.95512505630782
2021-09-06,16.409599955864486,5,95,0.8705870905498793,2.4621933673921124,99.93272227587252
2021-09-07,6.4131806397628965,5,95,0.6163300905107331,3.0785234579028455,99.91678411814998
2021-09-08,6.174475547563361,5,95,0.5609455466858262,3.6394690045886717,99.89960553153946
2021-09-09,44.72949820305182,5,95,0.7159977744193103,4.355466779007982,99.87541903559459
2021-09-10,14.711606351765607,5,95,0.6395991010960719,4.995065880104054,99.85357656871541
2021-09-11,8.372709915509919,5,95,0.8708517548500734,5.865917634954127,99.83609734976018
2021-09-12,6.500011807963735,5,95,0.9170267041489797,6.782944339103107,99.81664799646659
2021-09-13,3.0695723266539,5,95,0.6982160177557233,7.4811603568588305,99.80075579536621
2021-09-14,-18.204315987355443,5,95,0.9775954419799104,8.458755798838741,99.7868441265733
2021-09-15,1.4334486219101739,5,95,0.6719679614992913,9.130723760338032,99.77046912257684
2021-09-16,10.673671363169507,5,95,0.7998578705815709,9.930581630919603,99.75255436400623
2021-09-17,18.76498177571767,5,95,0.8707207098160558,10.801302340735658,99.73004421923984
2021-09-18,12.237259496849573,5,95,0.9502301956575198,11.751532536393178,99.70995701808344
2021-09-19,18.96718411561064,5,95,0.7920016026522081,12.543534139045386,99.69027845503518
2021-09-20,-11.240666508570783,5,95,0.9566005283644246,13.50013466740981,99.67795829648182
2021-09-21,10.637885105606719,5,95,0.7627697131156523,14.262904380525462,99.65812150838558
2021-09-22,6.047818562902432,5,95,0.984485608231719,15.247389988757181,99.63842829307562
2021-09-23,-14.14882821362162,5,95,0.5101835134737281,15.75757350223091,99.62387848819179
2021-09-24,16.618060537206876,5,95,0.7461878440284018,16.50376134625931,99.60417057867626
2021-09-25,14.882542762540503,5,95,0.657541945836295,17.161303292095607,99.5829596138104
2021-09-26,14.764420948185304,5,95,0.5162165059576014,17.677519798053208,99.56043248121696
2021-09-27,19.649618197127594,5,95,0.9769646873244631,18.654484485377672,99.5384099295377
2021-09-28,5.398242276097536,5,95,0.8488372367727182,19.50332172215039,99.51927188163296
2021-09-29,3.400898280929352,5,95,0.8996339230221337,20.402955645172522,99.50265442774128
2021-09-30,19.68001408311596,5,95,0.7547146541981433,21.157670299370665,99.48288453393572
2021-10-01,10.349658777428761,5,95,0.5543070419787743,21.71197734134944,99.46579432217811
2021-10-02,10.194866575836322,5,95,0.5174345364835249,22.229411877832963,99.44896932076746
2021-10-03,3.5269619601043622,5,95,0.9337769467570963,23.16318882459006,99.4328038695193
2021-10-04,5.933884656536483,5,95,0.7499548063594896,23.91314363094955,99.41610657712589
2021-10-05,-13.955216641907109,5,95,0.7134019961936102,24.62654562714316,99.4011041861838
2021-10-06,17.040871747460034,5,95,0.6099399432577293,25.236485570400887,99.38299925666284
2021-10-07,7.117227036097322,5,95,0.9345491365156798,26.17103470691657,99.36738389480945
2021-10-08,7.758967275184798,5,95,0.5920410497806348,26.763075756697205,99.34888054392314
2021-10-09,0.6855890749373339,5,95,0.9992086203270716,27.762284377024276,99.32911909083461
2021-10-10,4.02837248876696,5,95,0.7416175495252968,28.503901926549574,99.31141109643902
2021-10-11,9.937573953712448,5,95,0.5549355852794069,29.05883751182898,99.29515262010325
2021-10-12,9.168403058060488,5,95,0.6767721680526682,29.735609679881648,99.27847622620668
2021-10-13,0.8560959932831347,5,95,0.9367072858859946,30.672316965767642,99.26017369702278
2021-10-14,16.153977977136293,5,95,0.7163551348183425,31.388672100585985,99.2389463615674
2021-10-15,45.45352953853978,5,95,0.9472582784307698,32.33593037901676,99.2157700821103
2021-10-16,11.085993876913419,5,95,0.7209827448552022,33.05691312387196,99.19398158250888
2021-10-17,9.653398324088197,5,95,0.9120566023296064,33.968969726201564,99.1724640877337
2021-10-18,19.909715622154188,5,95,0.784245117243979,34.75321484344554,99.15179563341219
2021-10-19,15.26902609355652,5,95,0.5958313279967338,35.349046171442275,99.13024766463994
2021-10-20,12.281173561786984,5,95,0.9915768726199379,36.34062304406221,99.11302174781184
2021-10-21,19.7094183401114,5,95,0.5954517064480103,36.93607475051022,99.09415337824626
2021-10-22,0.9290346161897145,5,95,0.613847313820509,37.54992206433073,99.07582866723392
2021-10-23,17.523718380553323,5,95,0.6657877691784161,38.215709833509145,99.05342871589951
2021-10-24,19.135253705712053,5,95,0.5451618114901522,38.7608716449993,99.03396828387152
2021-10-25,18.06468003606747,5,95,0.9621490347450489,39.723020679744344,99.01423911179363
2021-10-26,7.757638235833621,5,95,0.5436385091032985,40.26665918884764,98.99552566145836
2021-10-27,7.130753638782159,5,95,0.8388248937092329,41.10548408255687,98.97632295690146
2021-10-28,15.722967280806975,5,95,0.5501162079507752,41.65560029050764,98.9584760224392
2021-10-29,15.04799850040946,5,95,0.9999875956475688,42.65558788615521,98.94157316706017
2021-10-30,16.229296609931467,5,95,0.6800948707611195,43.33568275691633,98.92282216262963
2021-10-31,5.980431418418457,5,95,0.5769450806576548,43.91262783757398,98.90541776880833
2021-11-01,16.085046803958136,5,95,0.9614328536708594,44.874060691244836,98.88709840118652
2021-11-02,0.14832427905889123,5,95,0.5514956675588375,45.425556358803675,98.86876084830563
2021-11-03,2.4183964852891426,5,95,0.677980130257871,46.10353648906155,98.85058295563161
2021-11-04,3.0311516031796804,5,95,0.937833965567155,47.041370454628705,98.83148156214185
2021-11-05,5.298083926519976,5,95,0.7703555195060228,47.81172597413473,98.81590632747184
2021-11-06,8.740303526727931,5,95,0.8173105720347832,48.629036546169516,98.79514209705458
2021-11-07,0.5586484455426644,5,95,0.9110389570138617,49.54007550318338,98.7796404928593
2021-11-08,7.399576765023815,5,95,0.8167139314162952,50.356789434599676,98.7611997700546
2021-11-09,10.274921066038376,5,95,0.9743612374180686,51.33115067201774,98.74071460253833
2021-11-10,43.63017714546592,5,95,0.7138240824855672,52.04497475450331,98.7198238620181
2021-11-11,19.768517123434442,5,95,0.8997608215241775,52.94473557602748,98.69750321980538
2021-11-12,9.111726353070878,5,95,0.98054202312603,53.92527759915351,98.68153948305742
2021-11-13,46.13854643408686,5,95,0.7300628537779619,54.65534045293147,98.65499880275658
2021-11-14,3.5817623372151175,5,95,0.5431893831161866,55.198529836047655,98.6364326556617
2021-11-15,13.953571930269854,5,95,0.7856413491600027,55.98417118520766,98.61603369122182
2021-11-16,9.500443890845405,5,95,0.6565291610361986,56.640700346243854,98.59606720810972
2021-11-17,18.664291016342936,5,95,0.8642057424260373,57.50490608866989,98.57811666445907
2021-11-18,0.9105187889133837,5,95,0.8936408635039786,58.39854695217387,98.56134478966223
2021-11-19,41.0426869354308,5,95,0.5205964539705149,58.91914340614438,98.5424595491126
2021-11-20,14.340027761924796,5,95,0.7054309318173932,59.624574337961775,98.52245241817278
2021-11-21,14.700205901548731,5,95,0.8517346147412913,60.476308952703064,98.50461318568644
2021-11-22,18.67792701257832,5,95,0.6364755176295372,61.1127844703326,98.48275337906705
2021-11-23,18.335185449166122,5,95,0.6870082739664223,61.79979274429902,98.46210166164553
2021-11-24,-17.757829785248347,5,95,0.6493968085133339,62.449189552812356,98.45031941953538
2021-11-25,7.683953479262442,5,95,0.6331843062999096,63.082373859112266,98.43451290169689
2021-11-26,18.01231912400256,5,95,0.5059384054995517,63.588312264611815,98.41508453851215
2021-11-27,7.626889041321019,5,95,0.8265556200367461,64.41486788464856,98.39613030593233
2021-11-28,2.746112978360349,5,95,0.5523678395313807,64.96723572417994,98.38020092826257
2021-11-29,17.381125032743846,5,95,0.8233151664548444,65.79055089063479,98.35888424413108
2021-11-30,7.5233047927880925,5,95,0.506232225311289,66.29678311594608,98.33904396359989
2021-12-01,-3.204712083387154,5,95,0.768899086973226,67.0656822029193,98.32461225133892
2021-12-02,9.337101668937056,5,95,0.5027858590563798,67.56846806197568,98.30654976183679
2021-12-03,5.6796529511751395,5,95,0.8143268559066335,68.38279491788231,98.29067745792592
2021-12-04,46.75442489886031,5,95,0.5230436064226065,68.90583852430491,98.26591455288154
2021-12-05,7.406211995585789,5,95,0.7216705947571449,69.62750911906205,98.24947190937691
2021-12-06,-5.456928055503198,5,95,0.8680445165203718,70.49555363558243,98.23473863033873
2021-12-07,-9.33309614113632,5,95,0.7461262665224693,71.24167990210489,98.2200558863045
2021-12-08,-3.5576170440737798,5,95,0.6826520978657351,71.92433199997063,98.20615008074056
2021-12-09,7.601215090938908,5,95,0.9056999463703687,72.830031946341,98.18569962979812
2021-12-10,5.672362577718415,5,95,0.7342071011850078,73.564239047526,98.16593011786699
2021-12-11,-6.137295559326357,5,95,0.8892006188169038,74.4534396663429,98.14803380634663
2021-12-12,-0.48902557843060634,5,95,0.5338341400557884,74.98727380639869,98.13308585678378
2021-12-13,4.494589946075649,5,95,0.6754408026742393,75.66271460907294,98.11214396127576
2021-12-14,8.903006101878667,5,95,0.8194255160226149,76.48214012509555,98.0915293374596
2021-12-15,2.6966579353362476,5,95,0.6048713130132016,77.08701143810876,98.07647438996194
2021-12-16,-8.413285703653237,5,95,0.6823360152614447,77.7693474533702,98.05956626734762
2021-12-17,1.291280011940426,5,95,0.8151493823733558,78.58449683574355,98.04284878920004
2021-12-18,9.100187420271826,5,95,0.9292387385304874,79.51373557427404,98.0220724329957
2021-12-19,3.7421632419916406,5,95,0.5713065732896452,80.08504214756368,98.00344595106993
2021-12-20,-7.876597023021534,5,95,0.6101437413010755,80.69518588886476,97.98968662756528
2021-12-21,9.50473044257026,5,95,0.6626092192967261,81.35779510816148,97.9732810137321
2021-12-22,-6.376989331456723,5,95,0.5619464370661114,81.9197415452276,97.95787198000092
2021-12-23,3.5328480960676494,5,95,0.5376798510005047,82.4574213962281,97.9397629664022
2021-12-24,4.275592217609992,5,95,0.5314288963746471,82.98885029260275,97.92243787477575
2021-12-25,-0.1799943038014522,5,95,0.8057350943423476,83.7945853869451,97.90701200856483
2021-12-26,-0.6490380567381422,5,95,0.7124662397889419,84.50705162673404,97.88977255869767
2021-12-27,-9.46798875573168,5,95,0.8620270574795189,85.36907868421356,97.87682814517517
2021-12-28,9.885142364602952,5,95,0.9288831320322413,86.2979618162458,97.85995617125138
2021-12-29,-2.004974791523397,5,95,0.5470815154971957,86.845043331743,97.84504982248372
2021-12-30,2.1385142483819166,5,95,0.9999884129938983,87.8450317447369,97.8282051002004
2021-12-31,-17.335929117012185,5,95,0.8758840147451078,88.72091575948201,97.81534767732458
2022-01-01,-7.097783363375719,5,95,0.7990500015724962,89.51996576105451,97.80063380478279
2022-01-02,0.2235680695625497,5,95,0.6847879786903036,90.20475373974482,97.7839974968101
2022-01-03,-7.306315883320784,5,95,0.6871588673608398,90.89191260710565,97.77005510761705
2022-01-04,-4.744519464434543,5,95,0.6871870192455547,91.57909962635121,97.75532127594973
2022-01-05,-3.4613732742855046,5,95,0.9135426248660632,92.49264225121728,97.74136015149544
2022-01-06,-14.888404855445778,5,95,0.9306490489522696,93.42329130016955,97.72844504172112
2022-01-07,-5.875048859980967,5,95,0.5210317310875623,93.94432303125711,97.71247246771821
2022-01-08,5.35888004811201,5,95,0.7854573213173267,94.72978035257444,97.69301950153209
2022-01-09,-0.9422115041949795,5,95,0.7184545577559789,95.44823491033041,97.67429497864187
2022-01-10,1.2696937480643289,5,95,0.5556310914254231,96.00386600175584,97.6582573286984
2022-01-11,-2.359370733955135,5,95,0.7497930950814353,96.75365909683727,97.64134315709256
2022-01-12,-0.15112246653475125,5,95,0.5437087894814049,97.29736788631867,97.62569824772575
2022-01-13,3.3185093377063097,5,95,0.9001484378366897,98.19751632415536,97.61035180564942
2022-01-14,-1.2435682572584117,5,95,0.9822837494604539,99.17980007361581,97.59465644955762
2022-01-15,6.651486598485789,5,95,0.6986537937495838,99.8784538673654,97.57463313360232
2022-01-16,-3.069504609901843,5,95,0.5231382343469566,100.40159210171235,97.55670897392034
2022-01-17,-4.785482438997988,5,95,0.7582077382439407,101.15979983995629,97.53864954724693
2022-01-18,1.6733677273583716,5,95,0.801923381325535,101.96172322128183,97.51855392645085
2022-01-19,-6.299531989319775,5,95,0.7564630913912231,102.71818631267305,97.50125151183366
2022-01-20,3.0784904523433596,5,95,0.8117742968791319,103.52996060955219,97.483273414306
2022-01-21,1.7226642207937832,5,95,0.9278684909996198,104.4578291005518,97.4665138938128
2022-01-22,0.4042239223159143,5,95,0.9248762687440393,105.38270536929585,97.44843898943112
2022-01-23,-7.239068700122067,5,95,0.8286959463717638,106.21140131566762,97.43221209898073
2022-01-24,7.788082821125094,5,95,0.5839025017057969,106.79530381737341,97.41352851157096
2022-01-25,9.957562730341518,5,95,0.8602858232543416,107.65558964062775,97.39561044466886
2022-01-26,5.576136842792449,5,95,0.7607267412443967,108.41631638187215,97.37531432528488
2022-01-27,43.91796865447534,5,95,0.9752012052611212,109.39151758713327,97.35201743360057
2022-01-28,3.023919063975953,5,95,0.8748695317126394,110.2663871188459,97.33197373041926
2022-01-29,-1.4155778634802907,5,95,0.6211380298473448,110.88752514869324,97.31475198256088
2022-01-30,7.201114241605435,5,95,0.9731555849416169,111.86068073363487,97.29321158968298
2022-01-31,-9.57661072580837,5,95,0.6137577023956069,112.47443843603047,97.27950432161506
2022-02-01,6.6316229838784295,5,95,0.6609149515884165,113.13535338761888,97.26236355951404
2022-02-02,-5.5439928192210814,5,95,0.6611325827110164,113.7964859703299,97.24604131053522
2022-02-03,5.97660211863545,5,95,0.9352618666240011,114.7317478369539,97.22771402320932
2022-02-04,0.1475656219384458,5,95,0.757696749802265,115.48944458675616,97.20807631539854
2022-02-05,-6.506918520348986,5,95,0.8742032554658989,116.36364784222206,97.19400836594367
2022-02-06,-8.696109097790883,5,95,0.6590247916961718,117.02267263391823,97.17820603245606
2022-02-07,0.6698673245893509,5,95,0.6847261373538416,117.70739877127207,97.15927042775961
2022-02-08,6.23967417231734,5,95,0.9202078638476658,118.62760663511973,97.13962714182405
2022-02-09,1.2506762696797722,5,95,0.5042276526995085,119.13183428781925,97.11988534360006
2022-02-10,-3.2391250735215493,5,95,0.7687566914249069,119.90059097924416,97.10216104909026
2022-02-11,-6.627697426091716,5,95,0.7261566525065061,120.62674763175066,97.08620692476413
2022-02-12,4.512766940145333,5,95,0.9197052667360981,121.54645289848676,97.06604956693383
2022-02-13,6.434248656239777,5,95,0.7769553661820671,122.32340826466883,97.0495455417283
2022-02-14,9.363326727935828,5,95,0.7592995585595713,123.0827078232284,97.02846984846433
2022-02-15,-5.097104770319037,5,95,0.8050522228117407,123.88776004604014,97.01412898861781
2022-02-16,-1.9501914511530156,5,95,0.8092530697189659,124.6970131157591,96.9946591642272
2022-02-17,-9.898525435435692,5,95,0.9181317785222047,125.61514489428131,96.98116947497549
2022-02-18,1.4551916545532357,5,95,0.5446699773124302,126.15981487159374,96.96562549352338
2022-02-19,5.922566698330208,5,95,0.9391682637959653,127.0989831353897,96.9482329168355
2022-02-20,-1.59120526796565,5,95,0.997020545163635,128.09600368055334,96.929490516271
2022-02-21,4.375491539385335,5,95,0.5682552935532565,128.6642589741066,96.91188491936234
2022-02-22,8.943851598021443,5,95,0.875852753641067,129.54011172774764,96.89293084139351
2022-02-23,-2.617998836209294,5,95,0.5108196585748674,130.0509313863225,96.87441264551053
2022-02-24,-1.9819097147978493,5,95,0.9367122063093685,130.98764359263188,96.86013015881821
2022-02-25,-8.725556511225836,5,95,0.89597248251997,131.88361607515185,96.84318645982216
2022-02-26,4.601655430956811,5,95,0.8362228704691661,132.719838945621,96.82231409869074
2022-02-27,8.633833620928801,5,95,0.780541624747366,133.50038057036838,96.80528742052543
2022-02-28,5.313659308520492,5,95,0.5049327353365554,134.00531330570493,96.78920641737882
2022-03-01,14.131964278915337,5,95,0.6326684815922872,134.6379817872972,96.76999322866243
2022-03-02,8.062966302510251,5,95,0.6054869925813979,135.2434687798786,96.75149431944327
2022-03-03,6.948907613531827,5,95,0.6081691773130058,135.85163795719163,96.73294523332174
2022-03-04,8.35437408057725,5,95,0.6547092010955236,136.50634715828716,96.71481055933543
2022-03-05,-11.572454564282909,5,95,0.7951377072666194,137.3014848655538,96.699197648351
2022-03-06,21.910790453066884,5,95,0.5298739949722633,137.83135886052605,96.67997147811676
2022-03-07,45.764252685858914,5,95,0.8609855136786919,138.69234437420474,96.65945359083763
2022-03-08,9.467849548559235,5,95,0.6566992844853592,139.3490436586901,96.63751354599846
2022-03-09,5.855118051080557,5,95,0.5902444745543847,139.9392881332445,96.61893163477225
2022-03-10,16.250479264349917,5,95,0.7453632263966139,140.68465135964112,96.6002882186185
2022-03-11,13.640569472922104,5,95,0.6363018432999723,141.3209532029411,96.57733360912478
2022-03-12,-11.344159099790787,5,95,0.9799168609307647,142.30087006387186,96.56312953663081
2022-03-13,6.220119451168394,5,95,0.9934978505334311,143.29436791440529,96.54593158328025
2022-03-14,11.217308563242767,5,95,0.8835039858991036,144.17787190030438,96.52427190089465
2022-03-15,21.362524921485853,5,95,0.5083526203646894,144.68622452066907,96.50403356150954
2022-03-16,5.496153964541564,5,95,0.7777592913226234,145.46398381199168,96.48428508220559
2022-03-17,14.816319619922986,5,95,0.6817923745643677,146.14577618655605,96.46392138516126
2022-03-18,14.658971657890255,5,95,0.8122045568461531,146.9579807434022,96.44263729873954
2022-03-19,17.89203765481664,5,95,0.9245688947829815,147.8825496381852,96.42263735785008
2022-03-20,14.49139945282046,5,95,0.8882257188950833,148.77077535708028,96.40541815971535
2022-03-21,10.340097864572709,5,95,0.6968744328219387,149.46764978990223,96.38482128418966
2022-03-22,6.153426046680773,5,95,0.8734501198368363,150.34109990973906,96.36601062332383
2022-03-23,13.969337575325502,5,95,0.7962700038072806,151.13736991354634,96.34445081701536
2022-03-24,22.178445998106554,5,95,0.5608970374310762,151.69826695097743,96.32412744416285
2022-03-25,41.85033730905405,5,95,0.8682419432893764,152.5665088942668,96.30475720583057
2022-03-26,8.770805686706279,5,95,0.8198841853627284,153.38639307962953,96.28561242496725
2022-03-27,23.58962868211475,5,95,0.7079168676101046,154.09430994723962,96.26257811106082
2022-03-28,5.834624052920709,5,95,0.8688150407494681,154.9631249879891,96.24196557111715
2022-03-29,6.0181775564022,5,95,0.681119748708368,155.64424473669746,96.22493333620754
2022-03-30,13.748594260840681,5,95,0.5310387787347342,156.1752835154322,96.20385646301973
2022-03-31,14.726249582203081,5,95,0.7136138158243501,156.88889733125654,96.1818532040693
2022-04-01,43.28414400942537,5,95,0.5161009798145442,157.4049983110711,96.16001948596686
2022-04-02,24.26373199619844,5,95,0.9192867532872664,158.32428506435835,96.13684608052365
2022-04-03,8.490527909615576,5,95,0.9033777222619407,159.2276627866203,96.11946330220557
2022-04-04,16.4942234944337,5,95,0.9867490242432129,160.2144118108635,96.09837016006162
2022-04-05,24.92567865522386,5,95,0.9352991718747461,161.14971098273827,96.07918638483854
2022-04-06,9.064977481850455,5,95,0.9048817655198929,162.05459274825816,96.0570343143286
2022-04-07,7.078467951312922,5,95,0.73789636564384,162.792489113902,96.0356104821457
2022-04-08,43.68623568215965,5,95,0.768910471205919,163.56139958510792,96.01020783552808
2022-04-09,-14.116783144738688,5,95,0.8949412151845282,164.45634080029245,95.99526314643077
2022-04-10,49.67767718789125,5,95,0.8490642714217442,165.3054050717142,95.96812723845743
2022-04-11,19.496535328479787,5,95,0.748276714265569,166.05368178597976,95.94726149051284
2022-04-12,18.7874940350946,5,95,0.6549828177725701,166.70866460375234,95.92955824580065
2022-04-13,5.126747022316658,5,95,0.5595727232373822,167.26823732698972,95.91356647428623
2022-04-14,11.887211309343598,5,95,0.6183966598445975,167.8866339868343,95.89580675943867
2022-04-15,21.804684562052763,5,95,0.8029619068487657,168.68959589368308,95.87729790340654
2022-04-16,10.902143667265483,5,95,0.6912217701673782,169.38081766385045,95.85871794185626
2022-04-17,13.467468558542926,5,95,0.7879276083684724,170.16874527221893,95.84037576100317
2022-04-18,18.800770817505324,5,95,0.8982726340222771,171.0670179062412,95.82144924965795
2022-04-19,16.64436880940508,5,95,0.75119598470212,171.81821389094333,95.80326656258556
2022-04-20,23.402267796439297,5,95,0.806193624376369,172.6244075153197,95.78448196420449
2022-04-21,48.832990431824875,5,95,0.7535636559274633,173.37797117124714,95.76080387626051
2022-04-22,23.960732027617937,5,95,0.9776475626809399,174.35561873392808,95.74096709327107
2022-04-23,45.731696077373876,5,95,0.660469128976011,175.0160878629041,95.71656608701085
2022-04-24,13.930379709571595,5,95,0.5043393578761953,175.5204272207803,95.69590711950245
2022-04-25,20.858462015007103,5,95,0.502544468068977,176.02297168884928,95.6726983609065
2022-04-26,8.066677900638524,5,95,0.6899889803178263,176.7129606691671,95.65314431626248
2022-04-27,13.995974904134492,5,95,0.934325545041909,177.647286214209,95.63554665180989
2022-04-28,18.508423535008166,5,95,0.7596404846120585,178.40692669882105,95.61764197102086
2022-04-29,19.820405867240805,5,95,0.6063558232319803,179.01328252205303,95.59607264638623
2022-04-30,7.234765383409769,5,95,0.7630633486234558,179.7763458706765,95.57666992775711
2022-05-01,9.066727713234721,5,95,0.6667841777865173,180.44313004846302,95.56009837812142
2022-05-02,-13.644931442950062,5,95,0.7659668887073221,181.20909693717033,95.54554691058522
2022-05-03,18.628791668821556,5,95,0.9326215437923963,182.14171848096274,95.52195198482417
2022-05-04,-15.811342170200703,5,95,0.612727352279146,182.75444583324187,95.50687580602366
2022-05-05,13.593641588633364,5,95,0.9247214874527417,183.6791673206946,95.48477983598897
2022-05-06,13.078874174667707,5,95,0.71665299392717,184.39582031462177,95.46604828693702
2022-05-07,7.618741100336688,5,95,0.8206261551221691,185.21644646974394,95.45016526843644
2022-05-08,7.349722491337156,5,95,0.8883117056407638,186.10475817538472,95.43009650934232
2022-05-09,21.453349325111382,5,95,0.5402262758281486,186.64498445121288,95.4123369614942
2022-05-10,12.141759227796872,5,95,0.6706615817519358,187.31564603296482,95.39128177601988
2022-05-11,6.382728019329154,5,95,0.622667320016411,187.93831335298123,95.37211433370653
2022-05-12,12.782103649594243,5,95,0.8249447458080962,188.76325809878932,95.34930045001471
2022-05-13,22.193055702077192,5,95,0.7681077537932165,189.53136585258252,95.32921644541464
2022-05-14,7.0951910401913665,5,95,0.7184768878028889,190.24984274038542,95.31110170116682
2022-05-15,41.63066005961629,5,95,0.6215703451430714,190.8714130855285,95.28940797604575
2022-05-16,47.26253530551474,5,95,0.9038521830601114,191.7752652685886,95.26694792750199
2022-05-17,23.027103986004136,5,95,0.5186267125351196,192.29389198112372,95.24942136535786
2022-05-18,5.270923603687752,5,95,0.5148826653671399,192.80877464649086,95.23388881234831
2022-05-19,12.333500061020974,5,95,0.6697033065704783,193.47847795306134,95.2146438361509
2022-05-20,14.257414230732945,5,95,0.7450849428512641,194.2235628959126,95.19280750584886
2022-05-21,15.42674536257053,5,95,0.5746774475181762,194.7982403434308,95.17353590923217
2022-05-22,11.84051726211795,5,95,0.5609583372009875,195.35919868063178,95.15402030763967
2022-05-23,13.618119762433633,5,95,0.5861767580288297,195.94537543866062,95.13592128111449
2022-05-24,10.444721976407372,5,95,0.9923450466889301,196.93772048534956,95.11589743866669
2022-05-25,11.271697684712104,5,95,0.8019509626897046,197.73967144803927,95.09861063405113
2022-05-26,22.912113164993592,5,95,0.7194915437277831,198.45916299176704,95.07763788934027
2022-05-27,24.08094232809731,5,95,0.6743940736076622,199.1335570653747,95.05530396260222
2022-05-28,22.41955592414572,5,95,0.7411303499090163,199.87468741528372,95.03811766767292
2022-05-29,19.347873294129815,5,95,0.8573532126230654,200.73204062790677,95.01694434549333
2022-05-30,19.421202908247757,5,95,0.9192262279036748,201.65126685581043,94.99896883035218
2022-05-31,18.790256685605364,5,95,0.5565972076711719,202.2078640634816,94.98076656272207
2022-06-01,30.083209357471222,5,95,0.5769721737419777,202.78483623722357,94.96033584905305
2022-06-02,22.800445881899964,5,95,0.7330838310765975,203.51792006830016,94.93990314719487
2022-06-03,20.070838515448266,5,95,0.8462104128590372,204.3641304811592,94.91754222657376
2022-06-04,-15.490435408131422,5,95,0.5509517540386013,204.91508223519781,94.90272208438239
2022-06-05,19.186141682649165,5,95,0.6849347884413599,205.60001702363917,94.87995876462867
2022-06-06,29.66745122729474,5,95,0.9045989896119182,206.50461601325108,94.85913593813046
2022-06-07,28.62280103830681,5,95,0.5339427323868742,207.03855874563794,94.83648470898845
2022-06-08,15.77174068987776,5,95,0.7668280869966069,207.80538683263455,94.8146646327107
2022-06-09,30.739384026103007,5,95,0.6638542625810322,208.46924109521558,94.79280510187894
2022-06-10,26.85249488329464,5,95,0.6656693019619254,209.1349103971775,94.7715555440375
2022-06-11,28.91166803513098,5,95,0.6914026839157307,209.82631308109322,94.75244761138805
2022-06-12,22.287480200739545,5,95,0.7066731127210679,210.53298619381428,94.72875130644921
2022-06-13,32.26234891936364,5,95,0.6236317839223859,211.15661797773666,94.706253728488
2022-06-14,24.06436982879,5,95,0.6647196902144747,211.82133766795113,94.68466217009104
2022-06-15,27.349476914635076,5,95,0.8438485465664856,212.6651862145176,94.66637991034298
2022-06-16,15.20696425002117,5,95,0.7021819935719578,213.36736820808957,94.64393081335152
2022-06-17,32.59332144433431,5,95,0.8555171689885281,214.22288537707811,94.62135003687746
2022-06-18,16.66367060376384,5,95,0.891631079137142,215.11451645621526,94.59822402131239
2022-06-19,17.686439384690253,5,95,0.8697081086269682,215.98422456484224,94.57805617390764
2022-06-20,26.07425473857411,5,95,0.8292563757015388,216.81348094054377,94.56044420480211
2022-06-21,17.113783921266396,5,95,0.5370249389025801,217.35050587944636,94.54131634729684
2022-06-22,31.62754863723074,5,95,0.8359375375420972,218.18644341698845,94.52118091781776
2022-06-23,-13.422041005684402,5,95,0.7458729493313501,218.9323163663198,94.50469123021013
2022-06-24,23.29190149699839,5,95,0.7833468541305304,219.71566322045035,94.48471038668029
2022-06-25,32.81497266316246,5,95,0.9844389033206858,220.70010212377105,94.46323952832635
2022-06-26,20.702790349539118,5,95,0.5322166780993614,221.2323188018704,94.43988585350434
2022-06-27,18.82321999450787,5,95,0.9089392989872271,222.14125810085764,94.41808311068387
2022-06-28,-19.28501635933437,5,95,0.5288645790297759,222.6701226798874,94.40264862613756
2022-06-29,20.1332756603304,5,95,0.6293257891607895,223.2994484690482,94.38283714331949
2022-06-30,27.106956926373222,5,95,0.7556848855768501,224.05513335462504,94.36366299162313
2022-07-01,20.738864334157103,5,95,0.7048283811846592,224.7599617358097,94.34485854767294
2022-07-02,18.63712672235395,5,95,0.5248561391956127,225.2848178750053,94.3221255002863
2022-07-03,47.3788098436471,5,95,0.9987839835208687,226.28360185852617,94.29877676718833
2022-07-04,19.153630133535714,5,95,0.8920982281115386,227.1757000866377,94.27715884397912
2022-07-05,33.258350375687144,5,95,0.6424683846093899,227.8181684712471,94.2545076972646
2022-07-06,33.1153629502604,5,95,0.9673750269972193,228.78554349824432,94.23321969665925
2022-07-07,25.112751462071675,5,95,0.9894302423405552,229.77497374058487,94.21244822056714
2022-07-08,27.481350991385344,5,95,0.8632777917612768,230.63825153234615,94.19275909062296
2022-07-09,34.19506691852698,5,95,0.9086153986493727,231.54686693099552,94.17533474592902
2022-07-10,19.850975547918075,5,95,0.6038676193206948,232.1507345503162,94.15614223608954
2022-07-11,28.79097288310081,5,95,0.5556421357015653,232.70637668601776,94.13830422060828
2022-07-12,25.920918881645463,5,95,0.6981952674769127,233.40457195349467,94.11581793750665
2022-07-13,26.913336127711368,5,95,0.8039689851743872,234.20854093866905,94.09724182378321
2022-07-14,41.50290016755559,5,95,0.7407459218820516,234.9492868605511,94.07702388237288
2022-07-15,32.58503810267337,5,95,0.9411787228306905,235.8904655833818,94.05432229181854
2022-07-16,23.508093412373835,5,95,0.6761716987147024,236.5666372820965,94.03443234513101
2022-07-17,22.686787915167358,5,95,0.9585491244790282,237.52518640657553,94.01452574835177
2022-07-18,27.922582930515322,5,95,0.5584134920392321,238.08359989861475,93.99391029413441
2022-07-19,18.5217701350367,5,95,0.5947208499204151,238.67832074853516,93.97474396236784
2022-07-20,22.86355311806005,5,95,0.5035530700541018,239.18187381858925,93.95366602105555
2022-07-21,-14.657955090674973,5,95,0.6984579708780281,239.88033178946728,93.94150949715274
2022-07-22,28.861212898728898,5,95,0.608908311035486,240.48924010050277,93.91906068934784
2022-07-23,21.9515886115873,5,95,0.7133430040140056,241.20258310451678,93.90096752463936
2022-07-24,21.154162138536062,5,95,0.8394855372928374,242.0420686418096,93.88158860952574
2022-07-25,31.058276863977056,5,95,0.7846949673176087,242.82676360912723,93.86210912006261
2022-07-26,27.19049099114063,5,95,0.9741858131380468,243.80094942226526,93.84389555951522
2022-07-27,32.50911015209272,5,95,0.8291394099804341,244.6300888322457,93.82192498669444
2022-07-28,19.497523589888726,5,95,0.5096667385465943,245.1397555707923,93.80417929398698
2022-07-29,44.67275197859281,5,95,0.8612442483421383,246.00099981913442,93.77889972618496
2022-07-30,23.837527319077406,5,95,0.7918510543387776,246.79285087347318,93.75869754049953
2022-07-31,43.88720273816039,5,95,0.6181491067568672,247.41099998023006,93.73809056393799
2022-08-01,-10.493283888374679,5,95,0.7699917678241153,248.18099174805417,93.72162121023216
2022-08-02,29.278566069906653,5,95,0.8426488099821327,249.0236405580363,93.70061632461457
2022-08-03,49.19186919907207,5,95,0.8675750632875097,249.89121562132382,93.6765857554167
2022-08-04,33.79399141904766,5,95,0.7951307251636957,250.6863463464875,93.65282656396616
2022-08-05,17.488461982837762,5,95,0.9366203254712346,251.62296667195875,93.6346755505443
2022-08-06,15.175633554475585,5,95,0.5563697941179531,252.1793364660767,93.6145135339168
2022-08-07,-17.46812759540033,5,95,0.5654656441439021,252.7448021102206,93.60083815041634
2022-08-08,31.462686254962236,5,95,0.7455113973287983,253.49031350754942,93.57750623279503
2022-08-09,42.930120814237824,5,95,0.7928612249298759,254.2831747324793,93.55545001672091
2022-08-10,19.870332163039777,5,95,0.6028132285879931,254.8859879610673,93.53431622045794
2022-08-11,28.90280714244334,5,95,0.8919085453204496,255.77789650638775,93.5112529097164
2022-08-12,17.491077580799082,5,95,0.9234126791095421,256.7013091854973,93.49382924604843
2022-08-13,31.320408619979496,5,95,0.7384565060323405,257.4397656915296,93.47402021950163
2022-08-14,20.583550328006098,5,95,0.9992096310234964,258.4389753225531,93.45390977636787
2022-08-15,21.530498406622424,5,95,0.8383021174368523,259.27727743999,93.43274567995074
2022-08-16,47.74624610994839,5,95,0.5096759191562423,259.7869533591462,93.40760345935679
2022-08-17,17.951533036244676,5,95,0.59249566875776,260.37944902790395,93.3868533219786
2022-08-18,26.913830249479087,5,95,0.9210985518370425,261.30054757974096,93.36475566458022
2022-08-19,29.91162331150712,5,95,0.5055455324954052,261.8060931122364,93.34297213062
2022-08-20,15.944553428039615,5,95,0.8031748003580663,262.6092679125945,93.32320678184342
2022-08-21,15.918679489117961,5,95,0.5622754061254164,263.1715433187199,93.30309940968218
2022-08-22,15.088870250298418,5,95,0.637241846690463,263.80878516541037,93.28352788370498
2022-08-23,24.567769672448648,5,95,0.9921036831063648,264.80088884851676,93.26086546096265
2022-08-24,18.307579032249325,5,95,0.7362899483603749,265.53717879687713,93.24129796672314
2022-08-25,19.298946189764465,5,95,0.7591637238434531,266.2963425207206,93.21807970506161
2022-08-26,22.976863611242575,5,95,0.9524454722236326,267.24878799294424,93.19507409611072
2022-08-27,25.145725482049386,5,95,0.6590342023017393,267.90782219524596,93.17600136442518
2022-08-28,26.425490454099965,5,95,0.8801433338064777,268.7879655290524,93.15301841617763
2022-08-29,29.275388700906404,5,95,0.7749807994048408,269.56294632845726,93.13326684016688
2022-08-30,28.05965514135447,5,95,0.8750499845313632,270.4379963129886,93.11203606512481
2022-08-31,16.06773194007245,5,95,0.5776703195654675,271.0156666325541,93.08951702018587
2022-09-01,8.189110769532778,5,95,0.8459851298039066,271.861651762358,93.06768616331252
2022-09-02,18.166411860490783,5,95,0.6521662081399013,272.5138179704979,93.05014020246958
2022-09-03,12.604151577545927,5,95,0.7109659618303519,273.22478393232825,93.02882943772538
2022-09-04,12.96435436278701,5,95,0.7973111606697703,274.02209509299803,93.00885025097669
2022-09-05,7.15071477189015,5,95,0.6898722833289785,274.711967376327,92.98731752594308
2022-09-06,2.497295293556636,5,95,0.514985942385942,275.2269533187129,92.96944178522557
2022-09-07,17.48763899001841,5,95,0.8813996656368576,276.1083529843498,92.94899665303087
2022-09-08,15.633194276859355,5,95,0.8252017987788461,276.9335547831286,92.92715837049842
2022-09-09,7.399988236085882,5,95,0.7052792163031313,277.63883399943177,92.90971107157989
2022-09-10,7.589343666581065,5,95,0.9122921394501964,278.55112613888195,92.88990822241085
2022-09-11,7.9702918523444755,5,95,0.5509951017498427,279.1021212406318,92.86845309198416
2022-09-12,15.775222445347723,5,95,0.8613140472237563,279.96343528785553,92.85066296289217
2022-09-13,4.610345210457387,5,95,0.6163913885151844,280.5798266763707,92.83191266318423
2022-09-14,3.752276360777902,5,95,0.8810049459472146,281.4608316223179,92.81561791925415
2022-09-15,11.39290891839602,5,95,0.5665869713484379,282.02741859366637,92.7982968305137
2022-09-16,1.6578111605372703,5,95,0.64913786413864,282.676556457805,92.78232433187111
2022-09-17,-10.293922097158474,5,95,0.7681091681143846,283.4446656259194,92.76686299752424
2022-09-18,5.778382559725921,5,95,0.9069306677379991,284.3515962936574,92.7487615291078
2022-09-19,13.60295218138569,5,95,0.5520146356227327,284.90361092928015,92.73094010605429
2022-09-20,3.8118666210324914,5,95,0.9497664242635746,285.85337735354375,92.71457045263044
2022-09-21,19.124384581339317,5,95,0.9289535828138128,286.78233093635754,92.69648468517981
2022-09-22,6.84849576439249,5,95,0.9479690185612453,287.7302999549188,92.68055841851839
2022-09-23,0.08731699544168858,5,95,0.9832878891079323,288.71358784402673,92.66491395822682
2022-09-24,12.62645209636705,5,95,0.9476413036365974,289.66122914766333,92.64358387924877
2022-09-25,19.274383267384746,5,95,0.5243900730029443,290.1856192206663,92.62399351844246
2022-09-26,8.828999926605158,5,95,0.9623921889816758,291.14801140964795,92.60274919947308
2022-09-27,9.36464683822394,5,95,0.9125996705261175,292.06061108017406,92.58106392593422
2022-09-28,11.737461535262385,5,95,0.5714007110083033,292.6320117911824,92.562454207342
2022-09-29,16.72547433293357,5,95,0.9848503888129989,293.6168621799954,92.54145696192192
2022-09-30,12.92797424303324,5,95,0.9899028251476236,294.606765005143,92.51916136646919
2022-10-01,0.8114532869633218,5,95,0.920818506381168,295.5275835115242,92.50230747549996
2022-10-02,10.237197647586987,5,95,0.9272392272715999,296.4548227387958,92.48227505383117
2022-10-03,2.051927060005858,5,95,0.9111660138882157,297.365988752684,92.46714042646725
2022-10-04,6.55395953232518,5,95,0.6062523634075905,297.9722411160916,92.45098217577707
2022-10-05,13.650336702195709,5,95,0.9035185638593491,298.87575967995093,92.4305036144187
2022-10-06,7.008905507465828,5,95,0.9965241490819823,299.87228382903294,92.41293184113371
2022-10-07,41.69020088981374,5,95,0.7136737343697013,300.58595756340264,92.3934854830435
2022-10-08,0.8779698751478571,5,95,0.6725342842478219,301.2584918476505,92.37470751044745
2022-10-09,11.934311824925043,5,95,0.5654237094922252,301.8239155571427,92.35536178976503
2022-10-10,2.6934818496127866,5,95,0.9729130081382578,302.796828565281,92.33898614059136
2022-10-11,6.307447181047605,5,95,0.90748996846577,303.70431853374674,92.31982579671129
2022-10-12,12.562310231608285,5,95,0.69202822540638,304.3963467591531,92.29697020236466
2022-10-13,2.577405761154681,5,95,0.8890618342153589,305.28540859336846,92.28044946719038
2022-10-14,17.067174071725027,5,95,0.5161337834651623,305.8015423768336,92.26189929747507
2022-10-15,3.7377452030864977,5,95,0.8509747725534174,306.652517149387,92.24565869472971
2022-10-16,14.490364771967695,5,95,0.9426321634694295,307.59514931285645,92.22588817571409
2022-10-17,13.46751929372569,5,95,0.8445877868270024,308.43973709968344,92.20231723738728
2022-10-18,40.801687128779584,5,95,0.7792690477986215,309.21900614748205,92.17799277522836
2022-10-19,7.7151341077007825,5,95,0.7793677727162003,309.9983739201983,92.16176456165272
2022-10-20,7.5369991256219055,5,95,0.6388852146988677,310.63725913489714,92.14436137033333
2022-10-21,9.042598876661756,5,95,0.9646715318965549,311.6019306667937,92.12572610783316
2022-10-22,46.81884865158812,5,95,0.60683892017971,312.2087695869734,92.10353176645198
2022-10-23,9.705070856078205,5,95,0.9620373380848847,313.1708069250583,92.08471009054416
2022-10-24,10.536801034709756,5,95,0.6796539314562373,313.85046085651453,92.06433059494361
2022-10-25,17.20148829914555,5,95,0.8308816109307314,314.68134246744523,92.04482730055571
2022-10-26,17.631272976042904,5,95,0.529178624575286,315.21052109202054,92.02103317391301
2022-10-27,0.4716474767217349,5,95,0.5829420006774442,315.793463092698,92.00505633418962
2022-10-28,15.008063689215,5,95,0.961580649670389,316.7550437423684,91.98561196407832
2022-10-29,15.40337204122713,5,95,0.9057487355124404,317.6607924778808,91.96354572004546
2022-10-30,7.5910798126828976,5,95,0.7472383749397653,318.40803085282056,91.94244292107673
2022-10-31,-17.005256678766436,5,95,0.8613855289936286,319.2694163818142,91.9290260871653
2022-11-01,10.587590466448503,5,95,0.6370123913663954,319.9064287731806,91.90814716049952
2022-11-02,17.72981882632328,5,95,0.698771107458545,320.60519988063913,91.88528825885774
2022-11-03,2.9870046854857835,5,95,0.8641505126335622,321.4693503932727,91.86899043566498
2022-11-04,4.753726657068508,5,95,0.669308187311819,322.1386585805845,91.85080452338137
2022-11-05,16.281277058151367,5,95,0.880416048250949,323.0190746288354,91.8273277633069
2022-11-06,17.60305496497711,5,95,0.8192162290675118,323.83829085790296,91.80679614338591
2022-11-07,14.227794627091228,5,95,0.9786285405979879,324.81691939850094,91.78767114504473
2022-11-08,10.353186552332588,5,95,0.9810017872439813,325.79792118574494,91.769544244336
2022-11-09,16.552934969618878,5,95,0.9960117799378714,326.7939329656828,91.74774934189041
2022-11-10,18.017345381453747,5,95,0.933691131847108,327.72762409752994,91.72664847290883
2022-11-11,19.230639146622742,5,95,0.8591387617750486,328.586762859305,91.70575417889111
2022-11-12,6.5161919735959835,5,95,0.8392832829734419,329.42604614227844,91.68729537651605
2022-11-13,17.906990077427338,5,95,0.8256929307605536,330.251739073039,91.66916176011058
2022-11-14,10.897212460745036,5,95,0.9776091694572712,331.22934824249626,91.64720935590599
2022-11-15,4.469513191263004,5,95,0.8063663405604151,332.0357145830567,91.62926574748913
2022-11-16,14.842107103327058,5,95,0.890552404937612,332.9262669879943,91.60889816200672
2022-11-17,6.079413564129357,5,95,0.5359115899078306,333.46217857790214,91.59297656637447
2022-11-18,18.724319405484685,5,95,0.8920505799876892,334.35422915788985,91.5752911772265
2022-11-19,11.496954851541616,5,95,0.6512220829753548,335.0054512408652,91.5566959360808
2022-11-20,15.592511675212357,5,95,0.5299196051841399,335.5353708460494,91.53623326012732
2022-11-21,9.873480279371744,5,95,0.8419738354351965,336.37734468148454,91.51398694405778
2022-11-22,0.661163705575456,5,95,0.5747110639581787,336.95205574544275,91.49435235019642
2022-11-23,11.804083568819435,5,95,0.7609972495589941,337.71305299500176,91.47407679971006
2022-11-24,14.697384945483316,5,95,0.5392403654869444,338.2522933604887,91.45056908091155
2022-11-25,13.664311597130121,5,95,0.6530294311489939,338.9053227916377,91.43149757989569
2022-11-26,8.009526316501347,5,95,0.524825484420891,339.43014827605856,91.41176673703967
2022-11-27,3.5323749885274403,5,95,0.6810092985414604,340.11115757460004,91.39200218876329
2022-11-28,8.528815127485455,5,95,0.7274377397781607,340.8385953143782,91.37122237856883
2022-11-29,5.669962058318879,5,95,0.539565076147122,341.37816039052535,91.34988356154486
2022-11-30,13.839799999080517,5,95,0.8446429960633115,342.2228033865887,91.32956384348198
2022-12-01,-4.8229791392711725,5,95,0.5184043971275114,342.74120778371616,91.31407369766148
2022-12-02,41.75062315366803,5,95,0.6385071357409244,343.3797149194571,91.28996949490097
2022-12-03,-2.3635859639657326,5,95,0.7027762679066671,344.08249118736376,91.27281627864261
2022-12-04,-9.185079791377904,5,95,0.9061981916053337,344.98868937896907,91.25579855237687
2022-12-05,9.961574280688467,5,95,0.5377083837792759,345.52639776274833,91.23587089903202
2022-12-06,-0.45013457315482697,5,95,0.9286675098716357,346.45506527261995,91.21672462786573
2022-12-07,-6.861942006853816,5,95,0.7596201974029332,347.21468547002286,91.2008339433983
2022-12-08,-2.7353880464403684,5,95,0.5848110962421271,347.79949656626496,91.18135314464956
2022-12-09,-2.248014278485231,5,95,0.709551979954336,348.5090485462193,91.16335619005564
2022-12-10,-2.727525842169049,5,95,0.9642635773559823,349.4733121235753,91.14440169944666
2022-12-11,-5.828278783355206,5,95,0.6136903981657706,350.08700252174106,91.12797672978776
2022-12-12,-12.066054732010702,5,95,0.8037968587607991,350.89079938050185,91.1115922065114
2022-12-13,2.64922487800494,5,95,0.6627944835000371,351.55359386400187,91.09234727426902
2022-12-14,7.896451540734162,5,95,0.8867801152395136,352.4403739792414,91.07190232135207
2022-12-15,-5.32571404975565,5,95,0.8778568599242373,353.3182308391656,91.05725566456117
2022-12-16,-6.496160448029682,5,95,0.500807135382153,353.81903797454777,91.03910935869678
2022-12-17,-4.88736075104141,5,95,0.7942067723036962,354.6132447468515,91.02432682210578
2022-12-18,-9.915883151348243,5,95,0.9789489918861074,355.5921937387376,91.01074423711367
2022-12-19,2.1127806080630442,5,95,0.788185711634344,356.38037945037195,90.99374284012941
2022-12-20,8.265562420501393,5,95,0.6739796338772366,357.0543590842492,90.97336390784854
2022-12-21,-19.413511077099994,5,95,0.8515767468765085,357.9059358311257,90.96127400898125
2022-12-22,9.196407047121792,5,95,0.974073973206566,358.88000980433225,90.93874811649195
2022-12-23,-2.1295292085322393,5,95,0.7493553354479328,359.6293651397802,90.91945888094659
2022-12-24,5.947607074087905,5,95,0.6848719708328936,360.3142371106131,90.90119345145631
2022-12-25,8.541312973964189,5,95,0.6989596136212685,361.0131967242343,90.88200996895412
2022-12-26,4.5180648504318395,5,95,0.6469266854444826,361.6601234096788,90.86235286497207
2022-12-27,-9.167543056309773,5,95,0.6328649002139886,362.2929883098928,90.84912019475217
2022-12-28,-4.3154827380058975,5,95,0.728193592150457,363.0211819020432,90.83404597896356
2022-12-29,-7.776031120691275,5,95,0.6357466678295434,363.6569285698728,90.81986467286069
2022-12-30,-2.910867238541835,5,95,0.7625519856789358,364.41948055555173,90.8045394851813
2022-12-31,8.843139594531198,5,95,0.59375542056825,365.01323597612,90.78372735705004
2023-01-01,6.118332361598725,5,95,0.7348161522058745,365.74805212832587,90.76183037659663
2023-01-02,3.660073796811247,5,95,0.5502360813289471,366.2982882096548,90.7417512323866
2023-01-03,-4.957280172018857,5,95,0.5444930319479998,366.8427812416028,90.7267973589041
2023-01-04,1.497678096101307,5,95,0.8087331505745281,367.6515143921773,90.70910429115384
2023-01-05,3.3963507862054385,5,95,0.9201611205507543,368.57167551272806,90.6908194474917
2023-01-06,-0.9877323796123054,5,95,0.5673152117390137,369.1389907244671,90.67302494946584
2023-01-07,-6.593315087932874,5,95,0.5604403016421506,369.6994310261092,90.65882894427165
2023-01-08,3.6982852272411755,5,95,0.7623765996684619,370.4618076257777,90.6377261035039
2023-01-09,6.501988325248991,5,95,0.5052850280996272,370.96709265387733,90.61935486998036
2023-01-10,-9.817343142493346,5,95,0.6948684737462143,371.66196112762356,90.60457717177123
2023-01-11,-3.58665525914013,5,95,0.871437332523186,372.5333984601467,90.58870822156767
2023-01-12,-16.436394872257267,5,95,0.7359615334738903,373.2693599936206,90.57383977035852
2023-01-13,-9.462030130863523,5,95,0.9247760962275953,374.1941360898482,90.55919702388366
2023-01-14,-2.252944846104789,5,95,0.5603046264079078,374.7544407162561,90.54157098801811
2023-01-15,7.5622193105383175,5,95,0.9488528904891032,375.7032936067452,90.51980891722009
2023-01-16,-3.9579094657995366,5,95,0.6109200574560667,376.31421366420125,90.50194367617684
2023-01-17,-15.95647439110174,5,95,0.9410220067572308,377.2552356709585,90.48710683805935
2023-01-18,-9.150562564710045,5,95,0.9532142379339732,378.2084499088925,90.47369949022215
2023-01-19,-5.809712994835747,5,95,0.7288967543024115,378.9373466631949,90.4554806980418
2023-01-20,7.44320286119056,5,95,0.7631613182225003,379.7005079814174,90.43466698627915
2023-01-21,1.4758008682284167,5,95,0.9075625883548822,380.6080705697723,90.41400458717992
2023-01-22,-0.9783342241420652,5,95,0.7703276289435976,381.3783981987159,90.39870823848334
2023-01-23,-8.071850874382147,5,95,0.9452456543222689,382.32364385303816,90.38157987840194
2023-01-24,-5.004261711456115,5,95,0.9608065361435004,383.28445038918164,90.3638976512272
2023-01-25,0.270057612013181,5,95,0.5228823524990909,383.80733274168074,90.34869162125877
2023-01-26,4.9894313899084874,5,95,0.575913203008733,384.38324594468946,90.33238959651958
2023-01-27,-6.560312345258832,5,95,0.9938330046203593,385.3770789493098,90.31792671669025
2023-01-28,5.342583226549003,5,95,0.7303967407584986,386.1074756900683,90.29918003052815
2023-01-29,-5.385242842342195,5,95,0.5738808291859183,386.6813565192542,90.28454836403252
2023-01-30,5.535394822661635,5,95,0.5311030957979496,387.2124596150522,90.26763818981011
2023-01-31,4.875453895779515,5,95,0.9859014122054828,388.19836102725765,90.24819889028653
2023-02-01,9.30257932803655,5,95,0.562319370638661,388.7606803978963,90.22823565103651
2023-02-02,-9.293506443293097,5,95,0.8452014250793409,389.6058818229756,90.21273088211152
2023-02-03,-3.3746671818130602,5,95,0.9521306163542558,390.5580124393299,90.19730546771312
2023-02-04,9.510625221391138,5,95,0.5350997183327981,391.0931121576627,90.17757356279374
2023-02-05,-8.02910667834973,5,95,0.6625253719600713,391.75563752962273,90.16202064759356
2023-02-06,4.38655721544912,5,95,0.9689831224834182,392.7246206521061,90.14075199885686
2023-02-07,4.996176064376348,5,95,0.9374705034785972,393.66209115558473,90.12273741759002
2023-02-08,-7.686156227693967,5,95,0.9209865824383283,394.58307773802306,90.10418637861417
2023-02-09,7.604590050416178,5,95,0.9234085981352311,395.5064863361583,90.08678931669671
2023-02-10,-9.044928577125024,5,95,0.5006193387417323,396.0071056749,90.07242364376864
2023-02-11,3.433250055973616,5,95,0.508785865256264,396.51589154015625,90.0522845498355
2023-02-12,9.26005208351896,5,95,0.830380967363493,397.34627250751976,90.02993184337531
2023-02-13,2.892688792703064,5,95,0.5372614720278786,397.8835339795476,90.01240331986104
2023-02-14,-1.4407031716918013,5,95,0.786405765012625,398.6699397445602,89.99676183092305
2023-02-15,6.593735770883306,5,95,0.7155267575124327,399.38546650207263,89.9790766478288
2023-02-16,47.13033474799083,5,95,0.8484138886379036,400.2338803907105,89.95085179031922
2023-02-17,-3.5456819788172815,5,95,0.5080999820895407,400.74198037280007,89.93121669154759
2023-02-18,4.604906931279425,5,95,0.7175223693040282,401.4595027421041,89.91118882420268
2023-02-19,48.66054374130728,5,95,0.9920064462637384,402.4515091883679,89.88754951981647
2023-02-20,3.9974123887355155,5,95,0.7218933685404008,403.1734025569083,89.87142343784774
2023-02-21,6.588721012862539,5,95,0.9408744039262167,404.1142769608345,89.8504682384066
2023-02-22,-9.306748009013013,5,95,0.8488564180515439,404.963133378886,89.83304480580058
2023-02-23,-4.9442407701907705,5,95,0.8473013904083401,405.8104347692944,89.81753651558118
2023-02-24,-2.249242321691572,5,95,0.6565965190757022,406.4670312883701,89.80103032160358
2023-02-25,2.80031842449284,5,95,0.5005394133821632,406.96757070175227,89.78120567217405
2023-02-26,-9.442122862768334,5,95,0.8751194443867061,407.842690146139,89.7646442667979
2023-02-27,-8.867337337700018,5,95,0.8842473866186515,408.72693753275763,89.75093082709512
2023-02-28,2.027851701385517,5,95,0.9394546227824232,409.66639215554005,89.73311123581755
2023-03-01,21.857364067178647,5,95,0.6955978852705221,410.36199004081055,89.71016636673156
2023-03-02,16.379804825199038,5,95,0.5637672812854124,410.925757322096,89.68659112565362
2023-03-03,16.997969028533788,5,95,0.9226343805657291,411.84839170266173,89.6652756129606
2023-03-04,22.6905355890417,5,95,0.7300364817937245,412.57842818445545,89.64478424031455
2023-03-05,12.687011200874515,5,95,0.7303807491968366,413.3088089336523,89.62512709285201
2023-03-06,16.242779658012285,5,95,0.6943138944491432,414.0031228281014,89.60581589699609
2023-03-07,45.05423043453256,5,95,0.9298856648149698,414.9330084929164,89.58142822837115
2023-03-08,21.362297653948424,5,95,0.7178708786078107,415.6508793715242,89.55862160268651
2023-03-09,18.206429079679438,5,95,0.5590674125910909,416.2099467841153,89.53996887772513
2023-03-10,14.213086183463709,5,95,0.5653409245309586,416.77528770864626,89.51639578056339
2023-03-11,19.97588309711434,5,95,0.7665695941395742,417.54185730278584,89.49256873705616
2023-03-12,6.34402640939596,5,95,0.6817411732981022,418.22359847608396,89.47105105545215
2023-03-13,22.268468758367895,5,95,0.9922377413817725,419.2158362174657,89.44959672733026
2023-03-14,18.27789319492632,5,95,0.5573212006005154,419.77315741806626,89.43073771372978
2023-03-15,48.184980914440416,5,95,0.914050966280038,420.6872083843463,89.40377975967924
2023-03-16,16.34664466376199,5,95,0.6419023856456667,421.329110769992,89.38613074702977
2023-03-17,11.510452804831157,5,95,0.8956030748489094,422.2247138448409,89.36603568002693
2023-03-18,23.179182363283402,5,95,0.7320378616269068,422.9567517064678,89.34436686847016
2023-03-19,17.139937253464936,5,95,0.7854077680606357,423.7421594745284,89.32398584313539
2023-03-20,7.001255889652873,5,95,0.8933041088065918,424.635463583335,89.3074447984202
2023-03-21,13.063519979895808,5,95,0.518764517210996,425.154228100546,89.2840130926383
2023-03-22,12.74187160768781,5,95,0.9746706165370309,426.128898717083,89.26483866355787
2023-03-23,46.2787420084407,5,95,0.8367124933247843,426.9656112104078,89.24091118022122
2023-03-24,23.36331852673487,5,95,0.8692739824276464,427.8348851928355,89.22272868444512
2023-03-25,5.199514525271669,5,95,0.8570964098504978,428.691981602686,89.20362866789299
2023-03-26,5.772463508916903,5,95,0.8054722148241555,429.4974538175101,89.18257837900131
2023-03-27,21.67742648691151,5,95,0.9174769088158756,430.414930726326,89.1633759942752
2023-03-28,13.263748938084882,5,95,0.7215459731448843,431.1364766994709,89.1401536594137
2023-03-29,40.8531760388743,5,95,0.921041299801908,432.0575179992728,89.11746059487255
2023-03-30,24.035507983353977,5,95,0.7365546113506207,432.79407261062346,89.09895305729245
2023-03-31,20.0296319949814,5,95,0.8241030446228836,433.6181756552463,89.08079662669924
2023-04-01,12.300872758341736,5,95,0.7001868148520745,434.3183624700984,89.06218353054658
2023-04-02,-15.128591506586085,5,95,0.9923828450935837,435.310745315192,89.04707466839612
2023-04-03,22.011272654883456,5,95,0.952579904720586,436.2633252199126,89.02398813384595
2023-04-04,13.651856703760046,5,95,0.7410520447155944,437.0043772646282,89.00440854965868
2023-04-05,19.1900939531989,5,95,0.7103628559729521,437.71474012060116,88.9814298396326
2023-04-06,13.140449027647103,5,95,0.7679481505788345,438.48268827118,88.96201839564603
2023-04-07,5.819078290145169,5,95,0.9052524280254824,439.3879406992055,88.94219079526614
2023-04-08,17.072338972691266,5,95,0.8511120919986039,440.23905279120413,88.91893651561887
2023-04-09,12.727338288514664,5,95,0.7020158565324757,440.9410686477366,88.90117681670229
2023-04-10,8.884357438171147,5,95,0.7470877333726305,441.6881563811092,88.87899988662406
2023-04-11,24.433762794960387,5,95,0.7465874154504475,442.43474379655964,88.85546032749251
2023-04-12,8.736813463841951,5,95,0.7585943595478963,443.19333815610753,88.83598429783265
2023-04-13,12.663846867888601,5,95,0.8709893526310784,444.0643275087386,88.81383633923208
2023-04-14,23.988214726788605,5,95,0.5259434982668169,444.5902710070054,88.79264512681894
2023-04-15,9.713578224366465,5,95,0.5752956671347353,445.16556667414017,88.77451571586924
2023-04-16,24.463581025190567,5,95,0.7892840108708914,445.9548506850111,88.7551790857667
2023-04-17,40.5841928881887,5,95,0.6560409822863585,446.61089166729744,88.73059445610656
2023-04-18,17.567434556049566,5,95,0.8159948831188051,447.42688655041627,88.70771116679789
2023-04-19,16.057299686756917,5,95,0.6239584401131353,448.0508449905294,88.6838263847414
2023-04-20,12.125362810740805,5,95,0.6747384812355057,448.72558347176493,88.66119105239103
2023-04-21,21.141719243599223,5,95,0.6602511691843342,449.38583464094927,88.64314672662134
2023-04-22,22.498783372083583,5,95,0.849737190077883,450.23557183102713,88.62403000402755
2023-04-23,19.751982177737894,5,95,0.9909650988653698,451.2265369298925,88.60053606194899
2023-04-24,20.778447904128967,5,95,0.5438573348096815,451.7703942647022,88.5769500015578
2023-04-25,11.210384790223442,5,95,0.7761188744025114,452.5465131391047,88.55981102718073
2023-04-26,18.45158759294622,5,95,0.9634966919480232,453.51000983105274,88.54196146717031
2023-04-27,22.841808978674976,5,95,0.756348927075327,454.2663587581281,88.52396283865448
2023-04-28,21.881087582694843,5,95,0.7565746463665892,455.02293340449467,88.50021121181965
2023-04-29,22.13631228788671,5,95,0.9581822615403814,455.98111566603507,88.48235120263402
2023-04-30,11.88173749103308,5,95,0.6871974836376181,456.66831314967266,88.46267356705407
2023-05-01,13.835064322770405,5,95,0.8590596522453402,457.527372801918,88.44355405475287
2023-05-02,15.720011402187525,5,95,0.5807921193509693,458.10816492126895,88.42421960893226
2023-05-03,23.544671472531522,5,95,0.6994616663903299,458.8076265876593,88.40326624144448
2023-05-04,-11.101441464808866,5,95,0.9811894893188793,459.78881607697815,88.38623336510805
2023-05-05,17.1200247531643,5,95,0.5793595327982023,460.36817560977636,88.36696390968442
2023-05-06,19.51313970882152,5,95,0.7031374034593791,461.07131301323574,88.34910186487205
2023-05-07,18.17392722510558,5,95,0.8605627618410633,461.9318757750768,88.32992948883327
2023-05-08,12.85321055755783,5,95,0.5718542097189601,462.5037299847957,88.31141284925224
2023-05-09,7.108863340442156,5,95,0.601549577083355,463.10527956187906,88.29447206245428
2023-05-10,10.592419815736893,5,95,0.756223917419341,463.8615034792984,88.27177947605075
2023-05-11,6.311429391705041,5,95,0.8201387946880452,464.6816422739864,88.25165233373484
2023-05-12,13.855385527135304,5,95,0.65336401769006,465.3350062916765,88.2285837616811
2023-05-13,17.333753779261244,5,95,0.6937674498909256,466.0287737415674,88.20979260903023
2023-05-14,21.20227769318493,5,95,0.8017274471773064,466.83050118874473,88.19094262067424
2023-05-15,16.929610979781586,5,95,0.9906228308632734,467.821124019608,88.16770262854148
2023-05-16,47.94007133196228,5,95,0.515284197953657,468.33640821756165,88.14104895984795
2023-05-17,9.230506583677922,5,95,0.5434194621622425,468.8798276797239,88.11902578394619
2023-05-18,7.171649430691474,5,95,0.837994349165802,469.7178220288897,88.09917104213942
2023-05-19,-15.11027257975394,5,95,0.6201145428025963,470.3379365716923,88.08573598533079
2023-05-20,19.623861443626772,5,95,0.9453219948418353,471.28325856653413,88.0629607567453
2023-05-21,23.33305819668505,5,95,0.5147177299979753,471.7979762965321,88.04309385073105
2023-05-22,13.600752385775682,5,95,0.9514223176185319,472.74939861415066,88.02154008354512
2023-05-23,5.199665282519133,5,95,0.7719811251334119,473.5213797392841,88.0011051762046
2023-05-24,8.830804110270984,5,95,0.7397102335890586,474.26108997287315,87.97992657550088
2023-05-25,16.11270851712026,5,95,0.803312648474947,475.0644026213481,87.95740934889376
2023-05-26,19.109323649586564,5,95,0.7871912535269894,475.8515938748751,87.9331244785887
2023-05-27,20.14273711001521,5,95,0.5908412119010413,476.44243508677613,87.91180975320592
2023-05-28,14.884716854038754,5,95,0.8604809779217644,477.3029160646979,87.89044490893815
2023-05-29,13.18817650767642,5,95,0.574002504290285,477.8769185689882,87.87176961200417
2023-05-30,24.41497117348982,5,95,0.5402109239861089,478.41712949297425,87.84893034952496
2023-05-31,41.86371148543273,5,95,0.9967148855175814,479.41384437849183,87.8270207340874
2023-06-01,27.506250061747153,5,95,0.5193099844861595,479.933154362978,87.80647234343701
2023-06-02,20.322755835239846,5,95,0.9659884533967515,480.8991428163747,87.78646531998872
2023-06-03,20.928744453088513,5,95,0.8696339769950336,481.76877679336974,87.76664324971006
2023-06-04,23.312772218215144,5,95,0.5003443441832862,482.26912113755304,87.74395409544694
2023-06-05,-19.651157121583974,5,95,0.5357487564471366,482.8048698940002,87.72845297989073
2023-06-06,27.86565444311021,5,95,0.7817502088883996,483.5866201028886,87.70566887839365
2023-06-07,17.755578552048036,5,95,0.5822060980927539,484.16882620098136,87.6841515538481
2023-06-08,21.89940787283681,5,95,0.837322313793682,485.006148514775,87.66251636174401
2023-06-09,-10.680213735245038,5,95,0.6046957489021738,485.6108442636772,87.64832466904664
2023-06-10,32.101195598551186,5,95,0.7831015085132856,486.39394577219053,87.62469260899532
2023-06-11,32.177951422768274,5,95,0.6031332521466807,486.9970790243372,87.60261952160754
2023-06-12,32.51604905145744,5,95,0.7773743507720567,487.77445337510926,87.58472814469252
2023-06-13,-19.20843137330896,5,95,0.6986961660046245,488.4731495411139,87.5725718684255
2023-06-14,17.52300714317878,5,95,0.5366382541102274,489.00978779522416,87.54933239267001
2023-06-15,23.691010191344215,5,95,0.5389976362918085,489.54878543151597,87.52988895012274
2023-06-16,31.240424209325656,5,95,0.7090722124304101,490.25785764394635,87.50623606298089
2023-06-17,29.160667780214315,5,95,0.8949075172121508,491.1527651611585,87.48625132409546
2023-06-18,18.221904032120527,5,95,0.6239878734178814,491.7767530345764,87.46527474158538
2023-06-19,19.93665713951325,5,95,0.8149747611628284,492.59172779573925,87.44316513864521
2023-06-20,28.223025091083915,5,95,0.8712691108481102,493.46299690658736,87.42456292184968
2023-06-21,19.77297084647551,5,95,0.7463678042935291,494.2093647108809,87.40029768015054
2023-06-22,20.18839983028795,5,95,0.7426053076570797,494.95197001853796,87.37743407769817
2023-06-23,22.48630842821206,5,95,0.5386904568391342,495.49066047537707,87.35366736437578
2023-06-24,16.34542094554489,5,95,0.9880401407405043,496.4787006161176,87.3348026195236
2023-06-25,15.368851445956333,5,95,0.9036639145137975,497.3823645306314,87.31686338528223
2023-06-26,29.700592149624697,5,95,0.742736835633199,498.1251013662646,87.29779032999461
2023-06-27,18.919186021525427,5,95,0.5907572828147828,498.71585864907934,87.27673372297524
2023-06-28,18.789079070694733,5,95,0.7431240573061335,499.4589827063855,87.25422566819795
2023-06-29,19.26482995267717,5,95,0.7517980898947503,500.21078079628023,87.23202300664579
2023-06-30,23.983120854663394,5,95,0.6579201910266685,500.8687009873069,87.21169020490424
2023-07-01,33.92137844584498,5,95,0.9720625369175226,501.8407635242244,87.19208476262189
2023-07-02,29.65099014639877,5,95,0.629594801692838,502.4703583259173,87.16868257235443
2023-07-03,20.045907183776485,5,95,0.9366006939416176,503.4069590198589,87.14758614664566
2023-07-04,47.84708282226791,5,95,0.8933149695143978,504.3002739893733,87.12093058792709
2023-07-05,33.15239349148512,5,95,0.8140598802765266,505.11433386964984,87.10233007945092
2023-07-06,16.455404472930496,5,95,0.725772840805395,505.84010671045525,87.08267568766699
2023-07-07,-14.37616153098974,5,95,0.7747956624017485,506.614902372857,87.0676579356479
2023-07-08,22.403213393667777,5,95,0.9894602449829062,507.6043626178399,87.04471697920279
2023-07-09,18.902510042096104,5,95,0.5410161582510356,508.1453787760909,87.02217855562917
2023-07-10,24.86120817015246,5,95,0.5748622323309218,508.72024100842185,87.00038244880307
2023-07-11,17.93618865296814,5,95,0.971717737168829,509.6919587455907,86.9816120489417
2023-07-12,23.925699390193525,5,95,0.9907062827045623,510.6826650282952,86.96042849809133
2023-07-13,22.58674950464357,5,95,0.7678512422272108,511.4505162705224,86.94051503685112
2023-07-14,27.779618558531123,5,95,0.6835296914393212,512.1340459619618,86.91625191441548
2023-07-15,26.4838002269713,5,95,0.9146370101735521,513.0486829721353,86.89361041149813
2023-07-16,30.612712312897322,5,95,0.9996423262533064,514.0483252983886,86.87224413715961
2023-07-17,22.23168374015895,5,95,0.6250359048177159,514.6733612032064,86.85219310768754
2023-07-18,32.397830042059,5,95,0.8797561926160273,515.5531173958224,86.83102011884523
2023-07-19,22.17042224487585,5,95,0.8183517876919687,516.3714691835144,86.80974295876341
2023-07-20,30.370386601507363,5,95,0.7044143018922386,517.0758834854066,86.79193817451325
2023-07-21,28.226657009649482,5,95,0.6513773559194709,517.7272608413261,86.76758278350066
2023-07-22,28.444313458121215,5,95,0.9335159858102184,518.6607768271364,86.74389514717602
2023-07-23,22.0445616024229,5,95,0.9421240423068266,519.6029008694431,86.72017639082367
2023-07-24,-18.816045787814957,5,95,0.7011466534296382,520.3040475228728,86.7057194788596
2023-07-25,22.723940847277895,5,95,0.8749884952373197,521.1790360181101,86.68748885465655
2023-07-26,23.557984544832514,5,95,0.8287413139040553,522.0077773320141,86.66432347146412
2023-07-27,18.78684178902771,5,95,0.7379598230072756,522.7457371550214,86.64599658004259
2023-07-28,19.078458228883385,5,95,0.7064278862208155,523.4521650412422,86.62701465651938
2023-07-29,33.436955838018626,5,95,0.7307388093421021,524.1829038505844,86.60459025329145
2023-07-30,27.491456091926803,5,95,0.7744677855124575,524.9573716360968,86.58132024803005
2023-07-31,23.647266949367335,5,95,0.9224601569771536,525.879831793074,86.55928822006963
2023-08-01,20.012558971721504,5,95,0.9165415331244159,526.7963733261984,86.54168268438526
2023-08-02,22.347953156151142,5,95,0.9601385968788498,527.7565119230773,86.51949979497327
2023-08-03,21.813636347010267,5,95,0.7926929084322387,528.5492048315095,86.49552995224906
2023-08-04,28.35205055827289,5,95,0.8700234228020056,529.4192282543115,86.47432227796267
2023-08-05,16.630321878901835,5,95,0.5176657784953027,529.9368940328068,86.45113389596905
2023-08-06,33.51242547368946,5,95,0.5559907981429969,530.4928848309497,86.43110432290077
2023-08-07,42.94558196472826,5,95,0.6918819434706149,531.1847667744204,86.40521257859598
2023-08-08,27.6997917786017,5,95,0.6116186098942986,531.7963853843147,86.38416963426951
2023-08-09,21.15606398037946,5,95,0.978625463799909,532.7750108481146,86.36200281747398
2023-08-10,33.570443768988355,5,95,0.9953766529548893,533.7703875010694,86.33791155848957
2023-08-11,-12.269355882313924,5,95,0.9344012500565784,534.704788751126,86.32407584817716
2023-08-12,28.671521174748285,5,95,0.9494892663136583,535.6542780174397,86.30472391786047
2023-08-13,21.539881580566913,5,95,0.714678724615275,536.3689567420549,86.2871244939373
2023-08-14,25.29875614272951,5,95,0.9341469467154979,537.3031036887704,86.26605972661365
2023-08-15,19.798855845182473,5,95,0.5746746055170832,537.8777782942875,86.24481602244533
2023-08-16,21.61787270648053,5,95,0.6634191533534943,538.541197447641,86.22124139978499
2023-08-17,18.877455781605132,5,95,0.5503496853389136,539.0915471329799,86.20337979284707
2023-08-18,18.528009731503996,5,95,0.6738616418662295,539.7654087748462,86.18085799868656
2023-08-19,24.69897464612494,5,95,0.8819411188128017,540.647349893659,86.1577464209329
2023-08-20,21.29594119458362,5,95,0.9270117219764897,541.5743616156354,86.13373689925967
2023-08-21,-12.235264771430913,5,95,0.8929166514562423,542.4672782670917,86.11773092877179
2023-08-22,25.903624855270095,5,95,0.8664473756296689,543.3337256427214,86.09782700578036
2023-08-23,18.3657682999713,5,95,0.7112187618979489,544.0449444046194,86.07481542486583
2023-08-24,30.21533608333251,5,95,0.9698334402889366,545.0147778449083,86.05612541931086
2023-08-25,22.80567744286018,5,95,0.576977013901737,545.59175485881,86.0332974103782
2023-08-26,26.247085556391134,5,95,0.8087661727148707,546.4005210315248,86.01451183477838
2023-08-27,15.982843002752638,5,95,0.7159709116551088,547.1164919431799,85.9908651471895
2023-08-28,29.660410658591516,5,95,0.6823652015068953,547.7988571446867,85.96914755429391
2023-08-29,31.078404568355612,5,95,0.5308264907137734,548.3296836354006,85.94531605212998
2023-08-30,27.5276444737412,5,95,0.8458026856634702,549.175486321064,85.92449578177339
2023-08-31,24.506099838234306,5,95,0.572103237536806,549.7475895586008,85.90043034569345
2023-09-01,4.367405537201686,5,95,0.5671459683176496,550.3147355269184,85.87894217416641
2023-09-02,1.274614027037111,5,95,0.906731724155802,551.2214672510742,85.86237811454859
2023-09-03,1.1334314720872785,5,95,0.6056510622965736,551.8271183133708,85.84264796383385
2023-09-04,0.4908584836564467,5,95,0.5761813295992613,552.4032996429701,85.82730412363125
2023-09-05,16.578958060413335,5,95,0.8587149685573523,553.2620146115274,85.80563985916268
2023-09-06,0.49867847178234115,5,95,0.9300153564104062,554.1920299679379,85.78583687638518
2023-09-07,16.988820532958528,5,95,0.9139556959819517,555.1059856639198,85.76809740818072
2023-09-08,1.9352606501215708,5,95,0.6761911352470853,555.7821767991669,85.74981526841411
2023-09-09,16.679169291235574,5,95,0.7691021474957981,556.5512789466627,85.72635222423192
2023-09-10,43.20721933749687,5,95,0.8842753618849805,557.4355543085477,85.70159067426198
2023-09-11,-19.8160131293796,5,95,0.9039362776664517,558.3394905862142,85.68865481510996
2023-09-12,10.7897556146503,5,95,0.713991077115603,559.0534816633298,85.66559226650844
2023-09-13,9.118639229264456,5,95,0.9555660956588077,560.0090477589886,85.6448813632857
2023-09-14,14.555070327667842,5,95,0.5981939545692502,560.6072417135579,85.62496614621595
2023-09-15,17.806513855090987,5,95,0.8431070184520353,561.45034873201,85.60498663885369
2023-09-16,3.1256904812929442,5,95,0.6837867922965317,562.1341355243065,85.58710966357536
2023-09-17,6.491881424362884,5,95,0.5201254502547494,562.6542609745613,85.56948410502326
2023-09-18,18.563022708847328,5,95,0.6738739225412285,563.3281348971026,85.54667212135888
2023-09-19,5.5561381317750325,5,95,0.9462965187337609,564.2744314158364,85.52534620362916
2023-09-20,11.251014830967069,5,95,0.7849261359927074,565.0593575518291,85.50462429220634
2023-09-21,0.7790491556099544,5,95,0.5719831060250229,565.6313406578541,85.48651403970476
2023-09-22,18.34447479754183,5,95,0.8051233155154784,566.4364639733697,85.46428509052355
2023-09-23,9.364112532845542,5,95,0.5543257508005663,566.9907897241702,85.44634278948088
2023-09-24,16.867860151863344,5,95,0.6713781919824694,567.6621679161527,85.42290286389589
2023-09-25,5.691530384506594,5,95,0.9791700347485797,568.6413379509013,85.40171727740034
2023-09-26,-17.059687419480902,5,95,0.9717029831258435,569.6130409340271,85.38823278592537
2023-09-27,17.80245533233429,5,95,0.808411908505797,570.421452842533,85.36585648860867
2023-09-28,13.764575359812694,5,95,0.6089932745731987,571.0304461171062,85.34429679116562
2023-09-29,2.04662778091965,5,95,0.7319168848835548,571.7623630019897,85.32723325344253
2023-09-30,16.88463384402761,5,95,0.9723650538829995,572.7347280558727,85.30782987545926
2023-10-01,41.06370195326109,5,95,0.7269082564851368,573.4616363123578,85.28343563420992
2023-10-02,1.2789949365787279,5,95,0.5137466381840617,573.9753829505419,85.2644131155144
2023-10-03,8.10747025014797,5,95,0.9589637264834736,574.9343466770254,85.24214235479955
2023-10-04,18.465291576050586,5,95,0.6716429873123151,575.6059896643377,85.2196807685436
2023-10-05,46.43005039147913,5,95,0.526183730620386,576.132173394958,85.19601517032237
2023-10-06,18.43259221500319,5,95,0.9978736493728706,577.1300470443309,85.17470703748795
2023-10-07,9.25084413571347,5,95,0.8845513168430199,578.014598361174,85.15638506167642
2023-10-08,8.917781617132965,5,95,0.8515854953754842,578.8661838565495,85.1359928013291
2023-10-09,17.057246623709613,5,95,0.8071817180716033,579.673365574621,85.11405031703408
2023-10-10,4.133112145592143,5,95,0.9828504757882577,580.6562160504093,85.09355064363385
2023-10-11,19.33043029570968,5,95,0.8773085393664071,581.5335245897757,85.07295509128446
2023-10-12,0.4029840547021468,5,95,0.9340124397746951,582.4675370295504,85.05702071503136
2023-10-13,13.026522754995018,5,95,0.5788137083409237,583.0463507378913,85.03890880684689
2023-10-14,4.751841060861494,5,95,0.5677395789244396,583.6140903168158,85.0213430198366
2023-10-15,2.67555441640303,5,95,0.636246464338666,584.2503367811545,85.00047916221189
2023-10-16,2.241414498493237,5,95,0.8829126372555558,585.1332494184101,84.98229129063789
2023-10-17,12.383917618269189,5,95,0.7171929724317907,585.8504423908419,84.95910885729252
2023-10-18,15.235231521676178,5,95,0.8871113442713648,586.7375537351132,84.93526572165975
2023-10-19,9.08990546118406,5,95,0.807649378708257,587.5452031138215,84.91562749015694
2023-10-20,-19.43354432594395,5,95,0.9840469723104229,588.5292500861319,84.90180997637654
2023-10-21,8.563525198327234,5,95,0.7077220185482833,589.2369721046803,84.88332465253414
2023-10-22,1.0080979128987555,5,95,0.6674010054054679,589.9043731100858,84.86615121950639
2023-10-23,18.334895868658595,5,95,0.991277828701217,590.895650938787,84.84563465318368
2023-10-24,12.637850410710938,5,95,0.637556703025628,591.5332076418126,84.82580291667823
2023-10-25,15.03341290280195,5,95,0.8842644394885648,592.4174720813012,84.80766836267588
2023-10-26,11.94874095657978,5,95,0.6884589644678959,593.1059310457691,84.78447273947454
2023-10-27,1.1862280439048778,5,95,0.7575924784574677,593.8635235242266,84.76852110185982
2023-10-28,15.670253716331288,5,95,0.673217741470523,594.5367412656971,84.74964755441991
2023-10-29,15.051324620566378,5,95,0.6980923046992895,595.2348335703964,84.72941291343834
2023-10-30,15.737764218812965,5,95,0.6404393759387036,595.8752729463351,84.71115510463217
2023-10-31,2.860016497643183,5,95,0.6501318154548512,596.52540476179,84.69359671811094
2023-11-01,17.529530882710077,5,95,0.5055392844922413,597.0309440462822,84.67262245498713
2023-11-02,15.600042087304761,5,95,0.978142267726333,598.0090863140085,84.65359081298162
2023-11-03,0.8994740287119507,5,95,0.8394475241782046,598.8485338381868,84.63777542638782
2023-11-04,8.997996783384021,5,95,0.7337663209527676,599.5823001591395,84.61636058935008
2023-11-05,2.2961329296588273,5,95,0.5786318487523934,600.1609320078919,84.60070698134294
2023-11-06,49.06876568433146,5,95,0.6738270092775647,600.8347590171695,84.572958410982
2023-11-07,1.7458643084318126,5,95,0.7873314487664878,601.622090465936,84.55763674242327
2023-11-08,4.111464125996955,5,95,0.7756219784040936,602.3977124443401,84.53991124314801
2023-11-09,9.597290520354267,5,95,0.5350045301488684,602.9327169744889,84.51737470568953
2023-11-10,0.2221758583493494,5,95,0.7350205644604044,603.6677375389494,84.50099112892853
2023-11-11,11.804694531380715,5,95,0.920638320740603,604.58837585969,84.48332096358429
2023-11-12,18.955409860940268,5,95,0.7654484083893738,605.3538242680794,84.46166530045032
2023-11-13,42.87789834880244,5,95,0.8061608280902393,606.1599850961696,84.43671968506588
2023-11-14,17.25526013137267,5,95,0.6356637691045287,606.7956488652742,84.41370095823875
2023-11-15,17.91570256935762,5,95,0.5760275574820717,607.3716764227563,84.39455988485884
2023-11-16,8.798652693306133,5,95,0.7908755142852484,608.1625519370416,84.37572274638282
2023-11-17,8.794654522342933,5,95,0.5602712425294033,608.722823179571,84.35357026016803
2023-11-18,48.641506514440465,5,95,0.6879622143456798,609.4107853939167,84.33141605166676
2023-11-19,17.89677473196385,5,95,0.6624457731726321,610.0732311670894,84.30893411131647
2023-11-20,9.928545650049331,5,95,0.96851532032704,611.0417464874164,84.28858476361238
2023-11-21,13.995575009909851,5,95,0.6858177178714839,611.7275642052879,84.26577238427886
2023-11-22,3.296925443051828,5,95,0.6834995492699713,612.4110637545579,84.24705944894963
2023-11-23,10.841324962536127,5,95,0.895205709889717,613.3062694644476,84.22463068559573
2023-11-24,45.87869872147046,5,95,0.5875311663624088,613.89380063081,84.2029843921142
2023-11-25,-15.977420997204504,5,95,0.7130094034396847,614.6068100342496,84.18647523101937
2023-11-26,14.378469127764248,5,95,0.804063906252434,615.410873940502,84.16226298916898
2023-11-27,0.4989666810195126,5,95,0.8985834483112525,616.3094573888133,84.14618289992343
2023-11-28,7.556376723777525,5,95,0.5618400667933262,616.8712974556066,84.1277440862424
2023-11-29,9.187943749363242,5,95,0.782856268090339,617.6541537236969,84.10675379413313
2023-11-30,41.51507289061405,5,95,0.9794368642589654,618.633590587956,84.08280001717883
2023-12-01,2.7047636444847853,5,95,0.9123726728548425,619.5459632608108,84.06230493491195
2023-12-02,6.571641963949652,5,95,0.8903282739408307,620.4362915347516,84.04305386970262
2023-12-03,9.797350951102562,5,95,0.9290377053609234,621.3653292401125,84.02090552883243
2023-12-04,-6.14015258394867,5,95,0.9054809680789268,622.2708102081914,84.00653305423266
2023-12-05,-4.454819998381312,5,95,0.9513820462638692,623.2221922544553,83.9880365026868
2023-12-06,-5.498317196735143,5,95,0.9152428585807346,624.1374351130361,83.96978335877115
2023-12-07,4.033984648620439,5,95,0.5374730856557565,624.6749081986918,83.94929568138313
2023-12-08,-6.835122452050452,5,95,0.546527190104201,625.2214353887961,83.93162110135833
2023-12-09,5.294638604684916,5,95,0.6121020966007547,625.8335374853968,83.91462312425558
2023-12-10,9.456298189298373,5,95,0.7671577697835774,626.6006952551804,83.89327592148759
2023-12-11,-7.36158640268997,5,95,0.7621705808909922,627.3628658360714,83.87688736697133
2023-12-12,-1.6354340006060664,5,95,0.943369074819445,628.3062349108908,83.86068464741126
2023-12-13,2.0758951393187424,5,95,0.7564299876642846,629.0626648985551,83.84297994909359
2023-12-14,4.559094956557546,5,95,0.6216586236430361,629.6843235221982,83.8258432956425
2023-12-15,4.969762672367924,5,95,0.6053549842793432,630.2896785064775,83.80447737086156
2023-12-16,-4.225111741446472,5,95,0.9465277180044207,631.2362062244819,83.78576128569651
2023-12-17,-9.552896588366282,5,95,0.827488937830503,632.0636951623123,83.77035791547871
2023-12-18,-2.2925009654122537,5,95,0.6786311146513514,632.7423262769637,83.75192804459651
2023-12-19,7.2100274962152575,5,95,0.5985229390614516,633.3408492160252,83.73399865523136
2023-12-20,-0.31570686134093684,5,95,0.8990191527019791,634.2398683687271,83.71581994476668
2023-12-21,-0.20830277957581345,5,95,0.8897581225112311,635.1296264912384,83.70063656873673
2023-12-22,-6.005945233108916,5,95,0.7388029623856971,635.868429453624,83.68135838054724
2023-12-23,-6.787250020823173,5,95,0.6524411594528914,636.5208706130769,83.66329216491995
2023-12-24,4.781995943475456,5,95,0.7705568701553893,637.2914274832323,83.64672261718245
2023-12-25,6.263118535331117,5,95,0.5614160666932397,637.8528435499255,83.62888345515913
2023-12-26,-5.293287910722206,5,95,0.79247038947677,638.6453139394023,83.61422268007078
2023-12-27,-4.0842363418751715,5,95,0.6572989910184178,639.3026129304207,83.59811066971379
2023-12-28,5.090038430054804,5,95,0.7580194471570854,640.0606323775777,83.58071182380874
2023-12-29,-10.085378329808341,5,95,0.6493017035715924,640.7099340811493,83.56437088932228
2023-12-30,1.0531606623847019,5,95,0.7676435288252488,641.4775776099746,83.54901843946546
2023-12-31,-2.810422998324416,5,95,0.6880324664566769,642.1656100764312,83.53209937481235
2024-01-01,5.990725638410959,5,95,0.8506189468555354,643.0162290232868,83.51101233916737
2024-01-02,8.09620647773659,5,95,0.680662768016069,643.6968917913028,83.4923278198562
2024-01-03,4.773921297539962,5,95,0.7931309411586757,644.4900227324615,83.47505620303649
2024-01-04,9.919534156506778,5,95,0.6750619447404422,645.165084677202,83.4565076889422
2024-01-05,-1.0488070057144032,5,95,0.9253176397620348,646.0904023169641,83.44035603113173
2024-01-06,-9.451982364145447,5,95,0.7978061684059198,646.88820848537,83.42395300224359
2024-01-07,-1.8289130730932701,5,95,0.666258864940731,647.5544673503107,83.40670294069615
2024-01-08,-1.5272052558351632,5,95,0.6408847809283471,648.195352131239,83.39147506951966
2024-01-09,-9.561924673268642,5,95,0.5534683985224121,648.7488205297615,83.37630328776832
2024-01-10,-0.2729940915564004,5,95,0.9405113478838433,649.6893318776454,83.36090381585923
2024-01-11,4.714001308415217,5,95,0.7553682316240399,650.4447001092694,83.33926879746352
2024-01-12,-4.9224104596845075,5,95,0.6905937477538028,651.1352938570233,83.32380465144881
2024-01-13,-7.04252895228197,5,95,0.5532131451836058,651.6885070022068,83.3046499868453
2024-01-14,1.5071665776539405,5,95,0.6797989490251375,652.368305951232,83.28363386312782
2024-01-15,-5.2937149348297075,5,95,0.9076712414723528,653.2759771927043,83.26560015337546
2024-01-16,-8.395968579191868,5,95,0.6152176329080155,653.8911948256124,83.24846717560156
2024-01-17,7.971560629175766,5,95,0.7544886112832825,654.6456834368956,83.22755699552219
2024-01-18,-3.0866432840721236,5,95,0.9154711894379736,655.5611546263336,83.20917987666819
2024-01-19,3.7775151389898802,5,95,0.5210439346295214,656.0821985609632,83.1899642181409
2024-01-20,-7.531826782175147,5,95,0.8212638406127313,656.9034624015759,83.17109705374367
2024-01-21,8.46384566776165,5,95,0.5362542072168541,657.4397166087928,83.14860121465446
2024-01-22,0.5733116932588764,5,95,0.5371871100185619,657.9769037188113,83.1314189269559
2024-01-23,9.057225661227225,5,95,0.6684381844447645,658.645341903256,83.11185893784726
2024-01-24,-9.290980884159774,5,95,0.7062717920690693,659.3516136953251,83.09586762299439
2024-01-25,-8.770704465993317,5,95,0.771899749724689,660.1235134450498,83.07892640513587
2024-01-26,-12.441852865517228,5,95,0.9870916844430426,661.1106051294928,83.06250694047668
2024-01-27,-4.378000592911686,5,95,0.5129470771850553,661.6235522066778,83.04487131310101
2024-01-28,5.240724648037345,5,95,0.663762151647317,662.2873143583251,83.02273404884752
2024-01-29,-0.7145425155808809,5,95,0.6949577888464813,662.9822721471717,83.00465916300146
2024-01-30,3.604812983492563,5,95,0.6538100669655194,663.6360822141372,82.98430147684044
2024-01-31,8.777391358048753,5,95,0.8405494061456743,664.4766316202829,82.9639870788594
2024-02-01,-7.3907282000576195,5,95,0.6423847993974161,665.1190164196803,82.94970447666329
2024-02-02,3.083072610463063,5,95,0.8215062485521758,665.9405226682325,82.929390231412
2024-02-03,-2.182791119786751,5,95,0.9850186535178644,666.9255413217503,82.91176644117446
2024-02-04,5.045171668810164,5,95,0.7130632625968218,667.6386045843471,82.89009828351502
2024-02-05,9.798109353110892,5,95,0.8868909111159495,668.5254954954631,82.87150760313023
2024-02-06,-2.1694339058969785,5,95,0.7334302499553981,669.2589257454185,82.85620254797107
2024-02-07,-0.002546012029903011,5,95,0.6353410961906918,669.8942668416092,82.84004087885286
2024-02-08,1.0700693890716568,5,95,0.8439015018326095,670.7381683434419,82.82364926388563
2024-02-09,-7.994472747444088,5,95,0.8743869567214285,671.6125553001633,82.80991199542953
2024-02-10,-7.89180694592293,5,95,0.726851443751537,672.3394067439149,82.79435635645588
2024-02-11,-6.556957254234197,5,95,0.9273809102752895,673.2667876541901,82.77647370135776
2024-02-12,7.283705129746391,5,95,0.7830822619127658,674.0498699161029,82.75839690345802
2024-02-13,-4.407164769875937,5,95,0.6571880988494152,674.7070580149523,82.73870237595783
2024-02-14,1.2844485700748631,5,95,0.8031145981806288,675.5101726131329,82.71957267555351
2024-02-15,-1.1544419417978347,5,95,0.988366996679973,676.4985396098128,82.6993787340385
2024-02-16,-3.754852424030723,5,95,0.5315228747662388,677.030062484579,82.68129348630261
2024-02-17,-2.4002583505452506,5,95,0.5899411156731267,677.6200036002522,82.66537502354409
2024-02-18,-7.729976469137371,5,95,0.9294872397092196,678.5494908399614,82.6492561583592
2024-02-19,48.14277808295023,5,95,0.9859365888451241,679.5354274288065,82.6266647699521
2024-02-20,2.2826660004614716,5,95,0.6909441239772026,680.2263715527837,82.60707651763555
2024-02-21,5.574528491331694,5,95,0.843224756781052,681.0695963095648,82.58528037712466
2024-02-22,9.498329901549646,5,95,0.7273938919305365,681.7969902014953,82.5627358327069
2024-02-23,-6.001077922893286,5,95,0.6072559678251037,682.4042461693205,82.54721770744098
2024-02-24,-5.208570316854015,5,95,0.5312394052387928,682.9354855745593,82.53094705168704
2024-02-25,0.6674615416738465,5,95,0.9366662685854016,683.8721518431447,82.5155217967728
2024-02-26,-4.113702408331623,5,95,0.5298938148305778,684.4020456579752,82.50105528112992
2024-02-27,8.568786517894189,5,95,0.8764896153472661,685.2785352733225,82.48211927185146
2024-02-28,5.734760837657264,5,95,0.7409939998771262,686.0195292731996,82.46566301617389
2024-02-29,7.138310142503215,5,95,0.9318821752483417,686.951411448448,82.44492216926734
2024-03-01,16.70793883583311,5,95,0.5421542601928525,687.4935657086409,82.42481081721489
2024-03-02,8.143496766300771,5,95,0.8777747819159529,688.3713404905568,82.40600169338371
2024-03-03,18.029705090395893,5,95,0.5305257850113685,688.9018662755682,82.38266684041126
2024-03-04,12.849357398690561,5,95,0.6415706862208999,689.5434369617891,82.36496920535194
2024-03-05,5.724405242802724,5,95,0.9252658067182016,690.4687027685073,82.34396976263848
2024-03-06,18.5632350208936,5,95,0.9861926763249791,691.4548954448323,82.32414075124737
2024-03-07,7.138304288065289,5,95,0.5157892665159771,691.9706847113483,82.30308133553133
2024-03-08,5.116354527153626,5,95,0.7424344608855833,692.7131191722339,82.28340738783083
2024-03-09,15.881738733145758,5,95,0.9983879981738746,693.7115071704077,82.26517686876454
2024-03-10,8.96886219839152,5,95,0.7756565090296019,694.4871636794372,82.24794047801952
2024-03-11,23.45062484283492,5,95,0.8431967324666008,695.3303604119038,82.22738098222143
2024-03-12,7.359613621589678,5,95,0.6286655755048239,695.9590259874086,82.2107689070402
2024-03-13,10.536697643536744,5,95,0.7077866227849562,696.6668126101936,82.19313813326312
2024-03-14,16.693289937083197,5,95,0.6466066083746163,697.3134192185682,82.17062676086702
2024-03-15,17.431596004204668,5,95,0.6953780783632315,698.0087972969314,82.15255572672471
2024-03-16,11.592714063711549,5,95,0.9270365763438815,698.9358338732753,82.13197469171546
2024-03-17,20.889301297442472,5,95,0.6108913123768334,699.5467251856521,82.11388403137352
2024-03-18,10.190010122084395,5,95,0.852714045216081,700.3994392308682,82.0908193132464
2024-03-19,18.922930217986515,5,95,0.5362419343826753,700.9356811652509,82.06639288996043
2024-03-20,49.84158000062405,5,95,0.7560954051413932,701.6917765703923,82.03782645818916
2024-03-21,15.565988808951985,5,95,0.7948165606973132,702.4865931310896,82.01948224367649
2024-03-22,11.781618301055751,5,95,0.8527702340233091,703.339363365113,81.9985606470668
2024-03-23,8.751049775751223,5,95,0.751217850140047,704.090581215253,81.9802297591179
2024-03-24,-10.38739149796813,5,95,0.9081660273506574,704.9987472426036,81.96607185252313
2024-03-25,21.35592078457774,5,95,0.6660607791457364,705.6648080217493,81.94410913127426
2024-03-26,11.381147904751433,5,95,0.8334215937873988,706.4982296155367,81.92471769399337
2024-03-27,17.973309169589296,5,95,0.5218676980732306,707.02009731361,81.90465368447717
2024-03-28,19.668467533500376,5,95,0.8565764696132023,707.8766737832232,81.88640774036246
2024-03-29,10.426120638040832,5,95,0.9301592083412416,708.8068329915644,81.86390136652525
2024-03-30,44.316849272420995,5,95,0.5994463292462984,709.4062793208108,81.83980896632698
2024-03-31,13.627272933189383,5,95,0.5585565340559395,709.9648358548667,81.81967960579323
2024-04-01,23.59841608007263,5,95,0.6235770880811078,710.5884129429478,81.79888992242546
2024-04-02,20.23545633459036,5,95,0.6412464149876335,711.2296593579355,81.77987948034736
2024-04-03,11.182601180462362,5,95,0.9249494212707643,712.1546087792062,81.75710829046359
2024-04-04,12.952013022558287,5,95,0.584656545760913,712.7392653249672,81.73365151550124
2024-04-05,18.4836466008566,5,95,0.8699423912900872,713.6092077162573,81.71228744268912
2024-04-06,13.496184742908957,5,95,0.5215018950161155,714.1307096112735,81.69171108705181
2024-04-07,10.735764121858342,5,95,0.5590096687322084,714.6897192800056,81.67324670363375
2024-04-08,9.751315967695728,5,95,0.7671506261816867,715.4568699061873,81.65316091165128
2024-04-09,14.153031502438502,5,95,0.8866331992175916,716.3435031054049,81.63064500348875
2024-04-10,-17.518905400387183,5,95,0.7778738190522052,717.1213769244571,81.61772341106244
2024-04-11,12.819579991851342,5,95,0.7005813347413754,717.8219582591985,81.5982778477931
2024-04-12,16.59226798754703,5,95,0.6544665912867819,718.4764248504853,81.57758301063865
2024-04-13,5.3908687070014665,5,95,0.6941969932246412,719.1706218437099,81.5566454996073
2024-04-14,20.687740528965147,5,95,0.7761661638186044,719.9467880075285,81.53863117867076
2024-04-15,20.79179208913137,5,95,0.5963500069561123,720.5431380144846,81.51453423240409
2024-04-16,18.619002433337677,5,95,0.7450530748029185,721.2881910892876,81.4910909310662
2024-04-17,20.90313812084323,5,95,0.912166596041853,722.2003576853294,81.46701900778965
2024-04-18,-17.928233973175125,5,95,0.6046115965676607,722.8049692818971,81.45233429790648
2024-04-19,11.474560413010318,5,95,0.8630803732568368,723.6680496551539,81.43516673862219
2024-04-20,6.689763467919844,5,95,0.7444265136430732,724.412476168797,81.41555459312163
2024-04-21,20.273633333846316,5,95,0.5765315518285314,724.9890077206255,81.39651901573137
2024-04-22,48.42982007584004,5,95,0.9917723244511223,725.9807800450767,81.36976883602077
2024-04-23,-12.170685107046536,5,95,0.5920128416744581,726.5727928867511,81.35609727791102
2024-04-24,24.629064011506255,5,95,0.6517330084044386,727.2245258951556,81.33808403547279
2024-04-25,15.019110900753406,5,95,0.6812578972739141,727.9057837924295,81.31914520346845
2024-04-26,9.602458480143884,5,95,0.5649800014370547,728.4707637938666,81.30046187829356
2024-04-27,21.56277126366127,5,95,0.6585889701230891,729.1293527639897,81.27636948077516
2024-04-28,10.247323116952272,5,95,0.8915724994431684,730.0209252634329,81.2547037544604
2024-04-29,22.400485845478777,5,95,0.619148931190755,730.6400741946237,81.23632183647335
2024-04-30,11.87863268542612,5,95,0.9091795475294168,731.5492537421532,81.21469405350399
2024-05-01,18.872318703734553,5,95,0.6594866896302876,732.2087404317834,81.19673397521471
2024-05-02,19.729873678830316,5,95,0.6344789951380881,732.8432194269216,81.17382522102926
2024-05-03,10.19049746268073,5,95,0.5190011408021362,733.3622205677237,81.15558880721788
2024-05-04,11.600468644318536,5,95,0.7989718473360534,734.1611924150598,81.13821974314324
2024-05-05,16.426720112035596,5,95,0.9065809522637693,735.0677733673235,81.11688228604643
2024-05-06,6.952460640347072,5,95,0.6042041755189327,735.6719775428425,81.09421069355382
2024-05-07,24.51668700020958,5,95,0.8312105992334546,736.5031881420759,81.07240579850905
2024-05-08,17.421835739299986,5,95,0.528456832826202,737.0316449749022,81.04899825232616
2024-05-09,8.95710694112495,5,95,0.6664187958542526,737.6980637707564,81.02770895597041
2024-05-10,16.20405833017596,5,95,0.8165213039944693,738.5145850747509,81.00497096543278
2024-05-11,21.676079853716452,5,95,0.7721936021407572,739.2867786768917,80.98586418580014
2024-05-12,6.127464145398262,5,95,0.829054256756699,740.1158329336483,80.96346450203265
2024-05-13,10.01006117620781,5,95,0.6421704535773307,740.7580033872257,80.94540739359786
2024-05-14,19.70551105549262,5,95,0.653505534791684,741.4115089220173,80.92101487223923
2024-05-15,23.859233008926154,5,95,0.832163265712855,742.2436721877302,80.90303596464625
2024-05-16,5.600927055877831,5,95,0.8886330038095207,743.1323051915398,80.88252297529321
2024-05-17,41.70940240516426,5,95,0.8886546359458539,744.0209598274856,80.8615015051584
2024-05-18,7.409163218939283,5,95,0.9190715741732505,744.9400314016589,80.843399533243
2024-05-19,6.265168219210963,5,95,0.9556753486773646,745.8957067503362,80.82267698227555
2024-05-20,11.047900909174956,5,95,0.6784820290448561,746.5741887793811,80.80167250706896
2024-05-21,15.650646861781807,5,95,0.5582316215937241,747.1324204009748,80.7838366568084
2024-05-22,23.90740523029631,5,95,0.9905695773836413,748.1229899783584,80.76023691951801
2024-05-23,23.431709266729218,5,95,0.5739460741163847,748.6969360524748,80.74068763100868
2024-05-24,19.327088645565297,5,95,0.7794089743230638,749.4763450267978,80.72161581732516
2024-05-25,5.675739314519759,5,95,0.7258240423073627,750.2021690691053,80.70206549140981
2024-05-26,5.818098289643681,5,95,0.9008956064801807,751.1030646755854,80.67976203849099
2024-05-27,15.485591707936212,5,95,0.5967707448761324,751.6998354204616,80.66175928334857
2024-05-28,22.09635469226885,5,95,0.7481309393512967,752.4479663598129,80.63803717197969
2024-05-29,15.728232365703498,5,95,0.7348639759637601,753.1828303357767,80.61723787011456
2024-05-30,15.560172531475567,5,95,0.6251911902569591,753.8080215260336,80.59801342447714
2024-05-31,21.952536485448434,5,95,0.5760696398414122,754.384091165875,80.57707060510029
2024-06-01,22.348299950822785,5,95,0.5445888660275449,754.9286800319026,80.55711075400309
2024-06-02,19.33341778430981,5,95,0.8861310720478219,755.8148111039504,80.53792079659777
2024-06-03,15.364789732155888,5,95,0.8201232165306241,756.6349343204811,80.51780420622458
2024-06-04,30.023823877263716,5,95,0.9127815032358324,757.5477158237169,80.49711931509492
2024-06-05,15.894147615123078,5,95,0.8365662768844214,758.3842821006014,80.47251481540451
2024-06-06,47.95234379136238,5,95,0.6843561930507666,759.0686382936522,80.44945159374834
2024-06-07,18.160114379304986,5,95,0.7115569419241337,759.7801952355763,80.43093554730399
2024-06-08,16.77786885007688,5,95,0.9953113680729317,760.7755066036493,80.40820796361524
2024-06-09,17.626903576124015,5,95,0.7099887726208727,761.4854953762701,80.38362328694113
2024-06-10,28.90153348433465,5,95,0.5499900182749913,762.0354853945452,80.36135239894728
2024-06-11,24.561914687251466,5,95,0.7369215366517256,762.7724069311969,80.34096012356656
2024-06-12,34.491124656644246,5,95,0.9959449283140847,763.768351859511,80.31858721245624
2024-06-13,28.196060286742732,5,95,0.8301418659716426,764.5984937254826,80.29672339275658
2024-06-14,29.714400269882823,5,95,0.5636598065261966,765.1621535320088,80.27373045450567
2024-06-15,16.33775546415208,5,95,0.8194916167775973,765.9816451487864,80.25316529494279
2024-06-16,-14.63816598302483,5,95,0.9928882907100209,766.9745334394963,80.23669926918173
2024-06-17,43.96911506380265,5,95,0.5960902182601073,767.5706236577564,80.21613628441952
2024-06-18,30.65371711285515,5,95,0.7297580723371142,768.3003817300935,80.19717628649254
2024-06-19,23.368533808639576,5,95,0.5687635643274073,768.8691452944208,80.17868398276141
2024-06-20,15.262047590976731,5,95,0.9779730831789736,769.8471183775998,80.15729372139096
2024-06-21,22.822968648556937,5,95,0.9858480424957936,770.8329664200957,80.13373910153302
2024-06-22,25.955796835935285,5,95,0.6148048371133408,771.447771257209,80.10939693181517
2024-06-23,23.40004460058174,5,95,0.5128388793472058,771.9606101365562,80.09156984782838
2024-06-24,15.369609898232108,5,95,0.6523850958769322,772.6129952324331,80.07266994078851
2024-06-25,25.721842450841898,5,95,0.944919352330799,773.5579145847639,80.04863880307417
2024-06-26,23.234301719933637,5,95,0.7275336963611885,774.2854482811251,80.02682076932179
2024-06-27,16.34011365193901,5,95,0.5810122933776772,774.8664605745028,80.00796297377717
2024-06-28,33.70061709232987,5,95,0.513071667289684,775.3795322417924,79.98605649707513
2024-06-29,24.530977736757656,5,95,0.5494571811319683,775.9289894229244,79.96818328959492
2024-06-30,23.510639728664664,5,95,0.7138073365504385,776.6427967594748,79.94595232188199
2024-07-01,23.169678372772566,5,95,0.6014550114637114,777.2442517709385,79.9244848231842
2024-07-02,40.75819215910831,5,95,0.7986696991060374,778.0429214700446,79.90393571679643
2024-07-03,-19.589704798450832,5,95,0.9548578702013191,778.9977793402459,79.89087646879054
2024-07-04,28.040495042617792,5,95,0.6686030919555345,779.6663824322014,79.8696500113021
2024-07-05,33.624855845954045,5,95,0.6738142047696168,780.3401966369711,79.84612908504828
2024-07-06,29.76740111005055,5,95,0.5458393659698452,780.886036002941,79.82377298217608
2024-07-07,15.108712874817583,5,95,0.6809832232360314,781.567019226177,79.80437292529788
2024-07-08,31.58274426838768,5,95,0.8020672626174448,782.3690864887944,79.78166347790214
2024-07-09,24.353427110302434,5,95,0.7982750718977936,783.1673615606923,79.76192408797621
2024-07-10,17.105183943369603,5,95,0.7286012920620804,783.8959628527543,79.73872727464132
2024-07-11,27.91396399831616,5,95,0.6877930558585215,784.5837559086128,79.71997381505803
2024-07-12,23.05165294897803,5,95,0.7428461701727797,785.3266020787856,79.69638731538456
2024-07-13,23.757154146474946,5,95,0.8447625795771483,786.1713646583628,79.6751000027736
2024-07-14,42.77039091761461,5,95,0.9634847559543542,787.1348494143172,79.65205171100875
2024-07-15,32.79651995542521,5,95,0.5504290088383317,787.6852784231555,79.63125778184222
2024-07-16,26.0166691743462,5,95,0.7753545507631805,788.4606329739187,79.6101752876105
2024-07-17,-12.186033371341509,5,95,0.7034194297254026,789.1640524036441,79.59338108877468
2024-07-18,18.24687042945574,5,95,0.5391705498326426,789.7032229534767,79.56981160235638
2024-07-19,26.983187691776003,5,95,0.5801410761628498,790.2833640296395,79.54754641600303
2024-07-20,24.8970097276523,5,95,0.5756689031841387,790.8590329328237,79.52489161672064
2024-07-21,15.83294537221679,5,95,0.785572185972135,791.6446051187958,79.50326992765724
2024-07-22,16.160533300054205,5,95,0.734220898556295,792.378826017352,79.47875342642301
2024-07-23,18.70802335582795,5,95,0.6165052284027461,792.9953312457548,79.46032319144511
2024-07-24,24.065382508266,5,95,0.9761991082269833,793.9715303539817,79.43790419091407
2024-07-25,33.83806137368111,5,95,0.9164667679493352,794.8879971219311,79.41661533558376
2024-07-26,31.37522073898106,5,95,0.8480161940995675,795.7360133160307,79.39201429881084
2024-07-27,16.700454698427983,5,95,0.554879322826599,796.2908926388574,79.37281116368041
2024-07-28,25.962452011695042,5,95,0.5703897915926389,796.86128243045,79.35431227723429
2024-07-29,27.621951543961476,5,95,0.9200695012450495,797.7813519316951,79.33033456790558
2024-07-30,19.909653311590464,5,95,0.5223881190183698,798.3037400507135,79.30712983069778
2024-07-31,48.776274875974956,5,95,0.9588298403900649,799.2625698911036,79.28519464841095
2024-08-01,24.305321122503408,5,95,0.7019319238481891,799.9645018149517,79.2670703925753
2024-08-02,24.61890236996213,5,95,0.8590576023576856,800.8235594173094,79.2438377529961
2024-08-03,33.4604308017131,5,95,0.8089745047037981,801.6325339220132,79.2253472385812
2024-08-04,19.196983462125267,5,95,0.690377489869821,802.322911411883,79.20542695314059
2024-08-05,15.972097325617982,5,95,0.7896695009759748,803.1125809128589,79.18487785131421
2024-08-06,18.548538187199874,5,95,0.7955087019271871,803.908089614786,79.160671285375
2024-08-07,24.689391479848155,5,95,0.8079314051675546,804.7160210199536,79.14015636270909
2024-08-08,17.025757799123934,5,95,0.6826270999669473,805.3986481199205,79.11579156923322
2024-08-09,21.07058965178689,5,95,0.7221369001110102,806.1207850200315,79.0915476036587
2024-08-10,19.725054599450235,5,95,0.5025294912724813,806.623314511304,79.07175743944107
2024-08-11,31.478245249093092,5,95,0.9992453617104782,807.6225598730144,79.04903389463567
2024-08-12,32.559645414543915,5,95,0.8094525906429754,808.4320124636574,79.02925846170707
2024-08-13,32.00960800047065,5,95,0.7701867975865535,809.202199261244,79.0112825784398
2024-08-14,-10.769900961818237,5,95,0.981476708076128,810.1836759693201,78.99503317073352
2024-08-15,32.48420038103555,5,95,0.9721527791968474,811.155828748517,78.97441514952533
2024-08-16,34.58888442541962,5,95,0.8051265835578246,811.9609553320748,78.95454975471422
2024-08-17,33.28206671664379,5,95,0.8732408265247033,812.8341961585995,78.93171765851802
2024-08-18,17.26063259921672,5,95,0.8750638623908105,813.7092600209903,78.9077480006727
2024-08-19,-19.29037474548389,5,95,0.711586221144803,814.4208462421351,78.8951538062731
2024-08-20,24.164491492386233,5,95,0.7069974198314166,815.1278436619665,78.87419098316386
2024-08-21,31.21931401135896,5,95,0.7108138054131143,815.8386574673796,78.85075398772031
2024-08-22,32.25796443877748,5,95,0.9420675537399262,816.7807250211195,78.82871573140345
2024-08-23,-19.051707840380665,5,95,0.9691241177478945,817.7498491388674,78.81521752314997
2024-08-24,27.32060306249606,5,95,0.5742523080454588,818.3241014469128,78.79680948174813
2024-08-25,18.172218896936872,5,95,0.8541856690715783,819.1782871159844,78.77336290833726
2024-08-26,27.69749600496302,5,95,0.7523248737191233,819.9306119897035,78.75119398362952
2024-08-27,31.661559289019973,5,95,0.7866363706652183,820.7172483603687,78.73332160543342
2024-08-28,16.98633759115244,5,95,0.6097344302730023,821.3269827906416,78.71235151021115
2024-08-29,26.504856991595673,5,95,0.5829338990037563,821.9099166896453,78.69086868387868
2024-08-30,18.07590177918032,5,95,0.5137041165021927,822.4236208061475,78.66739605348475
2024-08-31,25.522456179853478,5,95,0.8726609909791971,823.2962817971267,78.64438640029091
2024-09-01,9.52002338652706,5,95,0.7644888817372155,824.0607706788638,78.62141693573373
2024-09-02,9.505761423969766,5,95,0.9511668748307731,825.0119375536946,78.59879230767933
2024-09-03,14.717698656890672,5,95,0.7477248929837138,825.7596624466782,78.57949177025453
